venue,bowling_team,strikerate_20,avg_runs_20,avg_runs_6,min_runs_6,max_runs_6
Arun Jaitley Stadium,Chennai Super Kings,102.80333333333333,18.541666666666668,12.375,10.25,14.5
Arun Jaitley Stadium,Delhi Capitals,108.86641975308642,19.049382716049383,14.833333333333334,12.846153846153847,16.82051282051282
Arun Jaitley Stadium,Kolkata Knight Riders,146.03625,30.875,17.3,17.2,17.4
Arun Jaitley Stadium,Mumbai Indians,105.68833333333333,18.833333333333332,15.7,15.6,15.8
Arun Jaitley Stadium,Punjab Kings,93.83846153846153,15.76923076923077,12.916666666666666,11.5,14.333333333333334
Arun Jaitley Stadium,Rajasthan Royals,119.70636363636362,16.727272727272727,12.4,8.4,16.4
Arun Jaitley Stadium,Royal Challengers Bangalore,155.85700000000003,27.0,15.8,14.2,17.4
Arun Jaitley Stadium,Sunrisers Hyderabad,106.76333333333332,17.375,11.1,9.8,12.4
Barabati Stadium,Chennai Super Kings,169.32333333333335,36.833333333333336,8.5,8.5,8.5
Barabati Stadium,Deccan Chargers,101.91484848484846,17.62121212121212,11.884615384615385,11.538461538461538,12.23076923076923
Barabati Stadium,Delhi Capitals,120.5175,21.125,11.25,11.25,11.25
Barabati Stadium,Kolkata Knight Riders,101.26280000000001,16.08,10.454545454545455,10.454545454545455,10.454545454545455
Barabati Stadium,Mumbai Indians,108.742,27.4,21.0,21.0,21.0
Barabati Stadium,Pune Warriors,104.59500000000001,29.166666666666668,8.0,8.0,8.0
Barabati Stadium,Punjab Kings,142.38428571428574,23.666666666666668,16.88888888888889,16.88888888888889,16.88888888888889
Brabourne Stadium,Chennai Super Kings,126.628125,20.0625,26.0,26.0,26.0
Brabourne Stadium,Deccan Chargers,128.585,28.5,24.5,24.5,24.5
Brabourne Stadium,Delhi Capitals,152.24099999999999,35.4,14.8,14.8,14.8
Brabourne Stadium,Kolkata Knight Riders,129.495,28.416666666666668,29.0,29.0,29.0
Brabourne Stadium,Mumbai Indians,107.11928571428572,20.473214285714285,15.291666666666666,15.291666666666666,15.291666666666666
Brabourne Stadium,Punjab Kings,124.50375000000001,18.375,12.666666666666666,12.666666666666666,12.666666666666666
Brabourne Stadium,Rajasthan Royals,119.68000000000004,20.166666666666668,14.142857142857142,14.142857142857142,14.142857142857142
Brabourne Stadium,Royal Challengers Bangalore,100.28999999999999,13.7,9.0,9.0,9.0
Brabourne Stadium,Sunrisers Hyderabad,143.82444444444442,20.77777777777778,9.0,9.0,9.0
Buffalo Park,Chennai Super Kings,50.88545454545456,8.454545454545455,9.8,9.8,9.8
Buffalo Park,Deccan Chargers,128.91199999999998,33.6,25.0,25.0,25.0
Buffalo Park,Delhi Capitals,65.98400000000001,10.3,6.25,6.25,6.25
Buffalo Park,Kolkata Knight Riders,97.54374999999999,16.875,8.5,8.5,8.5
Buffalo Park,Mumbai Indians,98.80416666666667,20.25,9.5,9.5,9.5
De Beers Diamond Oval,Chennai Super Kings,102.86111111111111,14.777777777777779,11.0,11.0,11.0
De Beers Diamond Oval,Deccan Chargers,91.689,13.45,8.875,8.875,8.875
De Beers Diamond Oval,Punjab Kings,120.28666666666668,26.833333333333332,16.666666666666668,16.666666666666668,16.666666666666668
De Beers Diamond Oval,Rajasthan Royals,124.59846153846152,22.692307692307693,12.666666666666666,12.666666666666666,12.666666666666666
Dr DY Patil Sports Academy,Chennai Super Kings,83.37026315789473,13.526315789473685,8.333333333333334,8.333333333333334,8.333333333333334
Dr DY Patil Sports Academy,Deccan Chargers,97.0980487804878,18.524390243902438,8.652173913043478,8.608695652173912,8.695652173913043
Dr DY Patil Sports Academy,Delhi Capitals,116.07733333333333,21.2,21.4,21.4,21.4
Dr DY Patil Sports Academy,Kochi Tuskers Kerala,107.30874999999999,17.5,13.0,13.0,13.0
Dr DY Patil Sports Academy,Kolkata Knight Riders,87.21352941176468,14.352941176470589,14.333333333333334,14.333333333333334,14.333333333333334
Dr DY Patil Sports Academy,Mumbai Indians,85.61385964912283,13.929824561403509,12.428571428571429,11.285714285714286,13.571428571428571
Dr DY Patil Sports Academy,Pune Warriors,105.86607843137257,18.50980392156863,11.32,11.32,11.32
Dr DY Patil Sports Academy,Punjab Kings,113.26399999999998,21.8,14.0,14.0,14.0
Dr DY Patil Sports Academy,Rajasthan Royals,118.90666666666665,20.666666666666668,14.0,14.0,14.0
Dr DY Patil Sports Academy,Royal Challengers Bangalore,76.45823529411764,14.647058823529411,7.777777777777778,7.777777777777778,7.777777777777778
Dr. Y.S. Rajasekhara Reddy ACA-VDCA Cricket Stadium,Chennai Super Kings,113.50699999999999,11.725,10.25,10.0,10.5
Dr. Y.S. Rajasekhara Reddy ACA-VDCA Cricket Stadium,Deccan Chargers,112.24733333333332,21.333333333333332,9.0,9.0,9.0
Dr. Y.S. Rajasekhara Reddy ACA-VDCA Cricket Stadium,Delhi Capitals,115.01096774193549,21.306451612903224,18.227272727272727,17.272727272727273,19.181818181818183
Dr. Y.S. Rajasekhara Reddy ACA-VDCA Cricket Stadium,Kolkata Knight Riders,115.90833333333335,28.666666666666668,20.5,20.5,20.5
Dr. Y.S. Rajasekhara Reddy ACA-VDCA Cricket Stadium,Mumbai Indians,89.36344827586208,16.620689655172413,12.166666666666666,11.0,13.333333333333334
Dr. Y.S. Rajasekhara Reddy ACA-VDCA Cricket Stadium,Punjab Kings,96.0915789473684,14.789473684210526,8.857142857142858,8.857142857142858,8.857142857142858
Dr. Y.S. Rajasekhara Reddy ACA-VDCA Cricket Stadium,Rajasthan Royals,97.98285714285714,17.285714285714285,8.25,8.25,8.25
Dr. Y.S. Rajasekhara Reddy ACA-VDCA Cricket Stadium,Rising Pune Supergiant,110.78230769230771,16.115384615384617,12.0,12.0,12.0
Dr. Y.S. Rajasekhara Reddy ACA-VDCA Cricket Stadium,Sunrisers Hyderabad,99.61590909090908,15.681818181818182,10.119047619047619,9.571428571428571,10.666666666666666
Dubai International Cricket Stadium,Chennai Super Kings,117.25762711864405,19.084745762711865,13.119047619047619,11.571428571428571,14.666666666666666
Dubai International Cricket Stadium,Delhi Capitals,109.51854545454543,19.90909090909091,13.845238095357143,12.642857142857142,15.214285714285714
Dubai International Cricket Stadium,Kolkata Knight Riders,101.20851851851852,18.444444444444443,10.038461538461538,9.0,11.076923076923077
Dubai International Cricket Stadium,Mumbai Indians,111.73567567567565,21.66891891891892,10.488095237952379,8.095238095238095,13.19047619047619
Dubai International Cricket Stadium,Punjab Kings,98.22560000000001,17.7,10.56,9.2,11.92
Dubai International Cricket Stadium,Rajasthan Royals,112.68628571428572,23.814285714285713,14.147058823529411,12.235294117647058,16.058823529411764
Dubai International Cricket Stadium,Royal Challengers Bangalore,102.48366666666669,20.469444444500002,14.115384615384615,13.653846153846153,14.576923076923077
Dubai International Cricket Stadium,Sunrisers Hyderabad,98.19777777777779,16.53174603174603,12.077380952392858,10.892857142857142,13.25
Eden Gardens,Chennai Super Kings,93.08749999999998,16.67048611125,11.123076923076923,8.615384615384615,13.961538461538462
Eden Gardens,Deccan Chargers,101.55875000000002,18.1875,10.333333333333334,9.555555555555555,11.11111111111111
Eden Gardens,Delhi Capitals,122.07222222222225,17.779629629444443,12.111764705882353,10.764705882352942,13.352941176470589
Eden Gardens,Gujarat Lions,133.65142857142857,27.0,10.142857142857142,9.571428571428571,10.714285714285714
Eden Gardens,Kochi Tuskers Kerala,99.73363636363636,10.454545454545455,8.25,8.25,8.25
Eden Gardens,Kolkata Knight Riders,107.80220720720716,15.479722579747747,11.169875283466666,6.9904761904761905,15.752380952380953
Eden Gardens,Mumbai Indians,106.53762711864407,17.48728813559322,12.0733333332,9.56,14.36
Eden Gardens,Pune Warriors,79.24714285714286,18.714285714285715,27.5,27.5,27.5
Eden Gardens,Punjab Kings,122.15735294117646,20.925560224411765,13.6547619045625,8.8125,18.625
Eden Gardens,Rajasthan Royals,127.87999999999998,17.63963963945946,10.74509803982353,7.588235294117647,14.294117647058824
Eden Gardens,Rising Pune Supergiant,120.33999999999997,13.409090909090908,11.916666666666666,8.833333333333334,15.0
Eden Gardens,Royal Challengers Bangalore,118.44722222222224,18.252314814722222,14.9375,11.5,18.625
Eden Gardens,Sunrisers Hyderabad,119.78960000000001,17.3370476192,15.95,9.75,21.0
Feroz Shah Kotla,Chennai Super Kings,98.89305555555556,16.680555555555557,10.308823529411764,9.411764705882353,11.176470588235293
Feroz Shah Kotla,Deccan Chargers,127.84045454545453,21.78409090909091,8.270833333333334,5.583333333333333,10.833333333333334
Feroz Shah Kotla,Delhi Capitals,111.23050505050509,16.01047979791414,12.856375661522222,8.855555555555556,17.31111111111111
Feroz Shah Kotla,Gujarat Lions,127.42941176470589,25.352941176470587,9.833333333333334,7.222222222222222,12.444444444444445
Feroz Shah Kotla,Kochi Tuskers Kerala,106.29374999999999,16.625,10.25,10.25,10.25
Feroz Shah Kotla,Kolkata Knight Riders,109.24431818181819,16.261363636431817,8.9166666665,5.55,12.3
Feroz Shah Kotla,Mumbai Indians,92.29659574468086,17.217021276595744,11.18550724652174,9.956521739130435,12.608695652173912
Feroz Shah Kotla,Pune Warriors,106.66307692307693,16.03846153846154,13.0,13.0,13.0
Feroz Shah Kotla,Punjab Kings,105.84568181818182,16.224621212045452,12.908823529411764,9.764705882352942,16.176470588235293
Feroz Shah Kotla,Rajasthan Royals,121.97393939393942,21.525252525151515,12.083333333333334,10.555555555555555,13.61111111111111
Feroz Shah Kotla,Rising Pune Supergiant,116.64142857142858,16.785714285714285,12.625,7.75,17.5
Feroz Shah Kotla,Royal Challengers Bangalore,110.12837209302326,17.594961240232557,10.375,7.5,13.1875
Feroz Shah Kotla,Sunrisers Hyderabad,100.50787234042554,16.659574468085108,12.380952380952381,12.380952380952381,12.380952380952381
Green Park,Delhi Capitals,145.2942857142857,26.285714285714285,11.5,11.5,11.5
Green Park,Gujarat Lions,126.83909090909093,19.060606060606062,11.705882352941176,11.705882352941176,11.705882352941176
Green Park,Kolkata Knight Riders,102.64833333333333,18.0,9.4,9.4,9.4
Green Park,Mumbai Indians,114.34333333333332,27.833333333333332,22.666666666666668,22.666666666666668,22.666666666666668
Green Park,Sunrisers Hyderabad,62.041818181818186,13.454545454545455,30.0,30.0,30.0
Himachal Pradesh Cricket Association Stadium,Chennai Super Kings,118.23545454545456,27.727272727272727,17.0,17.0,17.0
Himachal Pradesh Cricket Association Stadium,Deccan Chargers,86.30000000000001,18.1,12.75,11.666666666666666,13.833333333333334
Himachal Pradesh Cricket Association Stadium,Delhi Capitals,133.43928571428575,21.285714285714285,6.476190475714286,2.857142857142857,11.428571428571429
Himachal Pradesh Cricket Association Stadium,Mumbai Indians,90.42555555555555,19.555555555555557,8.5,8.5,8.5
Himachal Pradesh Cricket Association Stadium,Punjab Kings,111.20087719298247,17.596491228070175,11.053333333200001,10.0,12.24
Himachal Pradesh Cricket Association Stadium,Royal Challengers Bangalore,113.74000000000001,51.25,8.666666666666666,8.666666666666666,8.666666666666666
Holkar Cricket Stadium,Kochi Tuskers Kerala,93.17352941176469,15.705882352941176,8.444444444444445,8.444444444444445,8.444444444444445
Holkar Cricket Stadium,Kolkata Knight Riders,126.28799999999998,20.7,19.0,19.0,19.0
Holkar Cricket Stadium,Mumbai Indians,137.6936363636364,29.681818181818183,18.4,18.4,18.4
Holkar Cricket Stadium,Punjab Kings,136.4231818181818,24.43560606068182,13.840909090909092,13.136363636363637,14.545454545454545
Holkar Cricket Stadium,Rajasthan Royals,140.449,24.1,13.875,13.875,13.875
Holkar Cricket Stadium,Rising Pune Supergiant,130.8083333333333,25.666666666666668,13.5,13.5,13.5
Holkar Cricket Stadium,Royal Challengers Bangalore,83.89857142857144,15.571428571428571,15.142857142857142,15.142857142857142,15.142857142857142
JSCA International Stadium Complex,Chennai Super Kings,110.2674358974359,15.73076923076923,11.066666666666666,10.466666666666667,11.666666666666666
JSCA International Stadium Complex,Kolkata Knight Riders,103.98949999999999,21.15,11.777777777777779,11.777777777777779,11.777777777777779
JSCA International Stadium Complex,Pune Warriors,93.9588888888889,16.444444444444443,3.6,3.6,3.6
JSCA International Stadium Complex,Rajasthan Royals,128.74428571428572,20.142857142857142,11.5,11.5,11.5
JSCA International Stadium Complex,Royal Challengers Bangalore,96.23722222222221,17.52777777777778,8.7,8.3,9.1
JSCA International Stadium Complex,Sunrisers Hyderabad,136.988,35.4,20.0,20.0,20.0
Kingsmead,Chennai Super Kings,103.2584375,17.40625,12.266666666666667,12.266666666666667,12.266666666666667
Kingsmead,Deccan Chargers,105.84583333333332,19.25,17.0,17.0,17.0
Kingsmead,Delhi Capitals,99.08192307692306,18.0,17.0,17.0,17.0
Kingsmead,Kolkata Knight Riders,95.09241379310345,18.103448275862068,14.384615384615385,14.384615384615385,14.384615384615385
Kingsmead,Mumbai Indians,79.87615384615384,15.153846153846153,14.25,14.25,14.25
Kingsmead,Punjab Kings,98.78795454545455,15.931818181818182,11.95,11.0,12.9
Kingsmead,Rajasthan Royals,71.07379310344828,11.586206896551724,5.133333333333334,5.133333333333334,5.133333333333334
Kingsmead,Royal Challengers Bangalore,89.24925925925928,16.59259259259259,12.818181818181818,12.727272727272727,12.909090909090908
M.Chinnaswamy Stadium,Chennai Super Kings,116.57039999999999,17.5016666666,13.691666666499998,11.9,15.95
M.Chinnaswamy Stadium,Deccan Chargers,157.4561111111111,20.333333333333332,16.125,16.125,16.125
M.Chinnaswamy Stadium,Delhi Capitals,107.0456862745098,14.463398692745098,12.9183035714375,10.75,15.9375
M.Chinnaswamy Stadium,Gujarat Lions,88.83687499999999,16.9895833335625,4.5925925925555555,2.3333333333333335,6.444444444444445
M.Chinnaswamy Stadium,Kochi Tuskers Kerala,168.64000000000001,41.0,25.0,25.0,25.0
M.Chinnaswamy Stadium,Kolkata Knight Riders,108.8340677966102,18.868038740847457,9.127777777666667,7.366666666666666,11.333333333333334
M.Chinnaswamy Stadium,Mumbai Indians,97.23272727272726,15.728787878681818,9.663775510357143,8.75,10.678571428571429
M.Chinnaswamy Stadium,Pune Warriors,129.11875,26.833333336249996,19.222222222333333,12.666666666666666,24.666666666666668
M.Chinnaswamy Stadium,Punjab Kings,115.08482142857144,15.106356936607142,13.206015037368422,9.789473684210526,17.263157894736842
M.Chinnaswamy Stadium,Rajasthan Royals,112.3,17.44486215526316,13.155000000000001,11.25,15.35
M.Chinnaswamy Stadium,Rising Pune Supergiant,95.70846153846153,15.923076923076923,15.375,14.5,16.25
M.Chinnaswamy Stadium,Royal Challengers Bangalore,106.58056277056276,16.65675462104329,12.079677623407083,8.070796460176991,16.5929203539823
M.Chinnaswamy Stadium,Sunrisers Hyderabad,127.3702702702703,16.320592020621618,10.977777777533333,7.6,13.733333333333333
MA Chidambaram Stadium,Chennai Super Kings,100.19888888888899,14.832703703573339,11.869360902284212,8.452631578947368,15.978947368421053
MA Chidambaram Stadium,Deccan Chargers,114.05,15.520833333349998,8.696969697,7.7272727272727275,10.636363636363637
MA Chidambaram Stadium,Delhi Capitals,119.08857142857144,19.116156462238095,11.4,9.25,14.083333333333334
MA Chidambaram Stadium,Kochi Tuskers Kerala,131.3542857142857,21.142857142857142,13.666666666666666,13.666666666666666,13.666666666666666
MA Chidambaram Stadium,Kolkata Knight Riders,141.71807692307695,26.7630494505,15.604166666875,10.5,21.625
MA Chidambaram Stadium,Mumbai Indians,92.6112195121951,15.608710801390242,12.113492063499999,10.38888888888889,14.61111111111111
MA Chidambaram Stadium,Pune Warriors,115.90499999999999,21.222222221916667,14.666666666666666,13.666666666666666,15.666666666666666
MA Chidambaram Stadium,Punjab Kings,114.8038095238095,23.219841269523812,15.776923076923076,15.23076923076923,16.692307692307693
MA Chidambaram Stadium,Rajasthan Royals,123.21190476190478,25.72165532890476,13.845238095,10.714285714285714,18.071428571428573
MA Chidambaram Stadium,Royal Challengers Bangalore,99.11875,16.495952381000002,14.151851851666667,11.444444444444445,16.666666666666668
MA Chidambaram Stadium,Sunrisers Hyderabad,106.71699999999998,29.4583333335,21.333333333333332,21.333333333333332,21.333333333333332
Maharashtra Cricket Association Stadium,Chennai Super Kings,95.1095918367347,18.632653061224488,10.681818181818182,10.681818181818182,10.681818181818182
Maharashtra Cricket Association Stadium,Delhi Capitals,122.78809523809522,19.642857142857142,15.5625,14.5,16.625
Maharashtra Cricket Association Stadium,Gujarat Lions,117.80111111111111,26.555555555555557,10.166666666666666,7.0,13.333333333333334
Maharashtra Cricket Association Stadium,Kolkata Knight Riders,106.06684210526316,17.894736842105264,12.333333333333334,12.11111111111111,12.555555555555555
Maharashtra Cricket Association Stadium,Mumbai Indians,111.32571428571428,25.583333333571428,16.571428571428573,12.285714285714286,20.857142857142858
Maharashtra Cricket Association Stadium,Punjab Kings,122.51666666666667,21.4,10.794117647058824,9.941176470588236,11.647058823529411
Maharashtra Cricket Association Stadium,Rajasthan Royals,118.52782608695652,21.434782608695652,16.77777777777778,16.77777777777778,16.77777777777778
Maharashtra Cricket Association Stadium,Rising Pune Supergiant,112.29582089552238,18.417910447761194,14.982142857142858,14.0,15.964285714285714
Maharashtra Cricket Association Stadium,Royal Challengers Bangalore,86.57458333333334,14.784722222083333,10.5166666667,9.4,11.2
Maharashtra Cricket Association Stadium,Sunrisers Hyderabad,130.82555555555552,34.94444444444444,21.4,21.4,21.4
Nehru Stadium,Chennai Super Kings,155.6,26.4,16.0,16.0,16.0
Nehru Stadium,Deccan Chargers,26.965454545454545,6.090909090909091,3.125,3.125,3.125
Nehru Stadium,Delhi Capitals,75.82454545454546,10.090909090909092,6.0,6.0,6.0
Nehru Stadium,Kochi Tuskers Kerala,92.78648648648648,18.27027027027027,9.705882352941176,9.705882352941176,9.705882352941176
Nehru Stadium,Kolkata Knight Riders,105.55,21.428571428571427,8.5,8.5,8.5
Nehru Stadium,Royal Challengers Bangalore,92.2242857142857,21.428571428571427,29.0,29.0,29.0
New Wanderers Stadium,Chennai Super Kings,90.36800000000001,19.066666666666666,13.125,13.125,13.125
New Wanderers Stadium,Deccan Chargers,103.2426923076923,15.653846153846153,8.818181818181818,8.818181818181818,8.818181818181818
New Wanderers Stadium,Delhi Capitals,92.15166666666666,16.708333333333332,10.0,10.0,10.0
New Wanderers Stadium,Kolkata Knight Riders,114.61272727272726,24.636363636363637,22.0,22.0,22.0
New Wanderers Stadium,Mumbai Indians,111.01666666666667,47.333333333333336,16.0,16.0,16.0
New Wanderers Stadium,Punjab Kings,73.94999999999999,14.222222222222221,11.5,11.5,11.5
New Wanderers Stadium,Royal Challengers Bangalore,94.92233333333333,18.3,9.2,9.2,9.2
Newlands,Chennai Super Kings,140.08375,20.25,13.0,13.0,13.0
Newlands,Deccan Chargers,94.37428571428572,11.857142857142858,5.222222222222222,5.222222222222222,5.222222222222222
Newlands,Delhi Capitals,114.45666666666666,16.0,30.0,30.0,30.0
Newlands,Kolkata Knight Riders,130.39833333333334,21.666666666666668,13.375,13.375,13.375
Newlands,Mumbai Indians,80.28,15.222222222222221,8.25,8.25,8.25
Newlands,Punjab Kings,94.59818181818181,14.090909090909092,10.25,10.25,10.25
Newlands,Rajasthan Royals,88.98560000000002,16.04,9.909090909090908,9.909090909090908,9.909090909090908
Newlands,Royal Challengers Bangalore,81.59421052631578,11.789473684210526,9.142857142857142,9.142857142857142,9.142857142857142
OUTsurance Oval,Delhi Capitals,94.04176470588236,13.941176470588236,5.666666666666667,5.666666666666667,5.666666666666667
OUTsurance Oval,Punjab Kings,72.28272727272727,9.636363636363637,7.0,7.0,7.0
OUTsurance Oval,Rajasthan Royals,111.25999999999999,29.0,8.25,8.25,8.25
"Punjab Cricket Association Stadium, Mohali",Chennai Super Kings,111.42684210526313,20.986842105263158,19.53846153846154,16.307692307692307,22.76923076923077
"Punjab Cricket Association Stadium, Mohali",Deccan Chargers,139.73999999999998,25.708333333333332,18.9,17.0,20.8
"Punjab Cricket Association Stadium, Mohali",Delhi Capitals,107.91083333333334,19.178240740833335,14.25,12.45,16.05
"Punjab Cricket Association Stadium, Mohali",Gujarat Lions,132.478,32.6,18.8,18.8,18.8
"Punjab Cricket Association Stadium, Mohali",Kolkata Knight Riders,101.8765,15.6583333335,11.573529411764707,9.235294117647058,14.352941176470589
"Punjab Cricket Association Stadium, Mohali",Mumbai Indians,116.05424999999998,18.07708333325,15.117647058823529,12.941176470588236,17.294117647058822
"Punjab Cricket Association Stadium, Mohali",Pune Warriors,102.37214285714286,19.5595238095,13.722222222166666,9.833333333333334,18.333333333333332
"Punjab Cricket Association Stadium, Mohali",Punjab Kings,104.89215789473685,17.754659565610524,12.646075837666666,9.444444444444445,16.266666666666666
"Punjab Cricket Association Stadium, Mohali",Rajasthan Royals,114.89199999999998,17.935000000075,16.71333333333333,15.733333333333333,18.266666666666666
"Punjab Cricket Association Stadium, Mohali",Rising Pune Supergiant,128.38833333333332,25.166666666666668,24.0,24.0,24.0
"Punjab Cricket Association Stadium, Mohali",Royal Challengers Bangalore,139.54060606060605,24.522727272727273,15.144736842105264,13.947368421052632,16.31578947368421
"Punjab Cricket Association Stadium, Mohali",Sunrisers Hyderabad,107.24656250000001,18.59375,13.833333333076922,11.692307692307692,16.0
"Rajiv Gandhi International Stadium, Uppal",Chennai Super Kings,114.55119047619047,18.166666666666668,11.421052631578947,10.210526315789474,12.631578947368421
"Rajiv Gandhi International Stadium, Uppal",Deccan Chargers,117.71191489361706,21.991134751808513,15.531007751860464,14.720930232558139,16.372093023255815
"Rajiv Gandhi International Stadium, Uppal",Delhi Capitals,99.33761904761906,15.470238095309522,12.411111110666667,10.6,14.2
"Rajiv Gandhi International Stadium, Uppal",Gujarat Lions,109.25285714285715,21.285714285714285,12.75,9.25,16.25
"Rajiv Gandhi International Stadium, Uppal",Kolkata Knight Riders,99.60690476190476,17.650793650714284,14.215686274117648,12.117647058823529,16.235294117647058
"Rajiv Gandhi International Stadium, Uppal",Mumbai Indians,93.8451724137931,14.848029556724137,10.404761904799997,9.24,12.12
"Rajiv Gandhi International Stadium, Uppal",Pune Warriors,101.28133333333335,15.166666666666666,16.8,16.8,16.8
"Rajiv Gandhi International Stadium, Uppal",Punjab Kings,110.57509803921569,15.813492063470589,12.321428571578949,9.947368421052632,14.368421052631579
"Rajiv Gandhi International Stadium, Uppal",Rajasthan Royals,120.05941176470587,21.889705882352942,13.779411764705882,12.647058823529411,14.470588235294118
"Rajiv Gandhi International Stadium, Uppal",Rising Pune Supergiant,89.66409090909092,12.477272727272727,6.7272727272727275,5.636363636363637,7.818181818181818
"Rajiv Gandhi International Stadium, Uppal",Royal Challengers Bangalore,117.10046511627904,21.43676633434884,12.495535714375,9.5625,15.625
"Rajiv Gandhi International Stadium, Uppal",Sunrisers Hyderabad,103.41279761904768,14.204988662000005,11.537626262636364,7.2727272727272725,15.636363636363637
"Sardar Patel Stadium, Motera",Chennai Super Kings,130.42307692307693,25.384615384615383,20.4,20.4,20.4
"Sardar Patel Stadium, Motera",Deccan Chargers,123.48000000000002,35.0,25.0,25.0,25.0
"Sardar Patel Stadium, Motera",Delhi Capitals,119.94133333333335,21.466666666666665,13.428571428571429,13.428571428571429,13.428571428571429
"Sardar Patel Stadium, Motera",Kolkata Knight Riders,137.97117647058823,19.0,16.833333333333332,16.833333333333332,16.833333333333332
"Sardar Patel Stadium, Motera",Mumbai Indians,119.56307692307692,21.384615384615383,12.583333333333334,11.333333333333334,13.833333333333334
"Sardar Patel Stadium, Motera",Punjab Kings,172.33375,23.25,11.0,11.0,11.0
"Sardar Patel Stadium, Motera",Rajasthan Royals,99.1992105263158,18.778508771973684,12.871428571428572,11.685714285714285,14.057142857142857
"Sardar Patel Stadium, Motera",Royal Challengers Bangalore,85.32636363636364,11.454545454545455,11.5,11.5,11.5
"Sardar Patel Stadium, Motera",Sunrisers Hyderabad,68.38909090909091,8.363636363636363,7.0,7.0,7.0
Saurashtra Cricket Association Stadium,Delhi Capitals,100.37375,17.875,6.4,6.4,6.4
Saurashtra Cricket Association Stadium,Gujarat Lions,118.92433962264153,27.037735849056602,21.3,20.84,21.76
Saurashtra Cricket Association Stadium,Kolkata Knight Riders,151.946,35.8,17.0,17.0,17.0
Saurashtra Cricket Association Stadium,Mumbai Indians,105.30363636363636,13.090909090909092,9.4,9.4,9.4
Saurashtra Cricket Association Stadium,Punjab Kings,99.36214285714287,14.571428571428571,11.3,9.6,13.0
Saurashtra Cricket Association Stadium,Rising Pune Supergiant,127.59285714285716,28.0,30.166666666666668,29.0,31.333333333333332
Saurashtra Cricket Association Stadium,Royal Challengers Bangalore,150.774,21.0,18.875,14.0,23.75
Saurashtra Cricket Association Stadium,Sunrisers Hyderabad,76.33444444444444,14.444444444444445,16.333333333333332,16.333333333333332,16.333333333333332
Sawai Mansingh Stadium,Chennai Super Kings,109.90307692307692,15.88589743576923,10.152777777999999,7.5,12.583333333333334
Sawai Mansingh Stadium,Deccan Chargers,164.48454545454547,29.181818181818183,21.4,21.4,21.4
Sawai Mansingh Stadium,Delhi Capitals,112.78793103448275,16.675862068965515,10.625,8.833333333333334,12.5
Sawai Mansingh Stadium,Kochi Tuskers Kerala,159.57,27.25,18.0,18.0,18.0
Sawai Mansingh Stadium,Kolkata Knight Riders,110.33290322580645,20.669354838709676,11.069444444166669,9.333333333333334,13.5
Sawai Mansingh Stadium,Mumbai Indians,106.27727272727273,20.321717171818186,8.628125,7.5,10.5625
Sawai Mansingh Stadium,Pune Warriors,137.38500000000002,23.15,12.8333333325,9.75,16.25
Sawai Mansingh Stadium,Punjab Kings,120.20692307692308,20.455128204999998,18.113636363636363,15.363636363636363,21.181818181818183
Sawai Mansingh Stadium,Rajasthan Royals,99.27600000000004,15.3985470085641,10.801851851811112,7.088888888888889,14.755555555555556
Sawai Mansingh Stadium,Royal Challengers Bangalore,106.56870967741935,20.666129032258063,14.807692307692308,13.076923076923077,16.615384615384617
Sawai Mansingh Stadium,Sunrisers Hyderabad,106.56714285714285,23.214285714285715,17.277777778333334,15.166666666666666,19.666666666666668
Shaheed Veer Narayan Singh International Stadium,Chennai Super Kings,97.61333333333334,20.0,7.0,7.0,7.0
Shaheed Veer Narayan Singh International Stadium,Delhi Capitals,112.12944444444446,18.70370370361111,12.133333333333333,11.4,12.866666666666667
Shaheed Veer Narayan Singh International Stadium,Kolkata Knight Riders,150.83800000000002,27.0,8.25,8.25,8.25
Shaheed Veer Narayan Singh International Stadium,Pune Warriors,152.40571428571428,21.428571428571427,9.333333333333334,9.333333333333334,9.333333333333334
Shaheed Veer Narayan Singh International Stadium,Royal Challengers Bangalore,87.67222222222222,14.666666666666666,13.666666666666666,13.666666666666666,13.666666666666666
Shaheed Veer Narayan Singh International Stadium,Sunrisers Hyderabad,98.57900000000001,25.95,10.9,6.8,15.0
Sharjah Cricket Stadium,Chennai Super Kings,137.1752173913044,25.08695652173913,13.291666666666666,12.583333333333334,14.0
Sharjah Cricket Stadium,Delhi Capitals,107.16552631578948,19.11842105263158,13.25,13.25,13.25
Sharjah Cricket Stadium,Kolkata Knight Riders,134.54666666666668,34.666666666666664,23.25,23.25,23.25
Sharjah Cricket Stadium,Mumbai Indians,86.06230769230771,17.25,10.038461538461538,9.615384615384615,10.461538461538462
Sharjah Cricket Stadium,Punjab Kings,121.85714285714286,16.464285714285715,13.117647058823529,12.823529411764707,13.411764705882353
Sharjah Cricket Stadium,Rajasthan Royals,133.72692307692307,27.346153846153847,14.538461538461538,14.538461538461538,14.538461538461538
Sharjah Cricket Stadium,Royal Challengers Bangalore,110.31718750000002,19.453125,12.4,10.933333333333334,13.866666666666667
Sharjah Cricket Stadium,Sunrisers Hyderabad,104.86272727272724,19.075757575757574,13.416666666666666,12.5,14.333333333333334
Sheikh Zayed Stadium,Chennai Super Kings,98.99874999999999,17.15625,10.291666666666666,9.791666666666666,10.791666666666666
Sheikh Zayed Stadium,Delhi Capitals,118.65261904761904,20.88095238095238,12.083333333333334,11.38888888888889,12.777777777777779
Sheikh Zayed Stadium,Kolkata Knight Riders,101.69873015873017,17.37830687825397,14.339285714285714,12.071428571428571,16.607142857142858
Sheikh Zayed Stadium,Mumbai Indians,107.95416666666667,20.033333333333335,10.913793103448276,10.448275862068966,11.379310344827585
Sheikh Zayed Stadium,Punjab Kings,121.5457142857143,25.84285714285714,13.236842105263158,13.105263157894736,13.368421052631579
Sheikh Zayed Stadium,Rajasthan Royals,96.23893617021275,18.574468085106382,10.901234567888888,10.11111111111111,11.777777777777779
Sheikh Zayed Stadium,Royal Challengers Bangalore,101.9623076923077,17.525641025641026,8.521739130434783,8.347826086956522,8.695652173913043
Sheikh Zayed Stadium,Sunrisers Hyderabad,110.25939393939395,17.984848484848484,11.416666666666666,11.055555555555555,11.777777777777779
St George's Park,Chennai Super Kings,69.29058823529412,13.176470588235293,12.714285714285714,12.714285714285714,12.714285714285714
St George's Park,Deccan Chargers,75.50666666666667,15.0,5.6,5.6,5.6
St George's Park,Delhi Capitals,97.42,17.25,10.5,10.5,10.5
St George's Park,Kolkata Knight Riders,117.24499999999999,23.0,16.833333333333332,16.833333333333332,16.833333333333332
St George's Park,Mumbai Indians,82.5025,14.291666666666666,9.416666666666666,9.416666666666666,9.416666666666666
St George's Park,Punjab Kings,119.19800000000001,29.2,8.666666666666666,8.666666666666666,8.666666666666666
St George's Park,Rajasthan Royals,89.98,22.333333333333332,12.666666666666666,12.666666666666666,12.666666666666666
St George's Park,Royal Challengers Bangalore,118.76312500000003,28.875,16.444444444444443,16.444444444444443,16.444444444444443
Subrata Roy Sahara Stadium,Chennai Super Kings,84.61214285714286,15.892857142857142,10.75,10.75,10.75
Subrata Roy Sahara Stadium,Deccan Chargers,123.02777777777777,16.666666666666668,10.25,10.25,10.25
Subrata Roy Sahara Stadium,Delhi Capitals,132.2413333333333,25.266666666666666,12.285714285714286,10.0,14.571428571428571
Subrata Roy Sahara Stadium,Kolkata Knight Riders,84.52999999999999,10.660714285714286,9.3,8.7,9.9
Subrata Roy Sahara Stadium,Mumbai Indians,77.93666666666667,13.366666666666667,9.416666666666666,8.833333333333334,10.0
Subrata Roy Sahara Stadium,Pune Warriors,110.06590361445785,19.228915662650603,11.705128205128204,9.692307692307692,13.717948717948717
Subrata Roy Sahara Stadium,Punjab Kings,99.88214285714287,13.535714285714286,7.666666666666667,6.0,9.333333333333334
Subrata Roy Sahara Stadium,Rajasthan Royals,104.6809090909091,20.772727272727273,14.8,11.6,18.0
Subrata Roy Sahara Stadium,Royal Challengers Bangalore,93.3164705882353,12.205882352941176,9.928571428571429,9.428571428571429,10.428571428571429
Subrata Roy Sahara Stadium,Sunrisers Hyderabad,67.4218181818182,9.818181818181818,10.25,10.25,10.25
SuperSport Park,Chennai Super Kings,111.275,23.5,13.9,13.9,13.9
SuperSport Park,Deccan Chargers,90.28076923076924,16.73076923076923,9.75,8.416666666666666,11.083333333333334
SuperSport Park,Delhi Capitals,93.47769230769231,17.96153846153846,8.923076923076923,5.923076923076923,11.923076923076923
SuperSport Park,Kolkata Knight Riders,128.5218181818182,30.454545454545453,22.0,22.0,22.0
SuperSport Park,Mumbai Indians,95.2257692307692,15.153846153846153,11.5,11.5,11.5
SuperSport Park,Punjab Kings,104.15444444444444,32.77777777777778,13.714285714285714,13.714285714285714,13.714285714285714
SuperSport Park,Rajasthan Royals,100.46884615384614,15.26923076923077,8.23076923076923,8.23076923076923,8.23076923076923
SuperSport Park,Royal Challengers Bangalore,114.36736842105263,21.736842105263158,13.88888888888889,13.88888888888889,13.88888888888889
"Vidarbha Cricket Association Stadium, Jamtha",Chennai Super Kings,104.89833333333333,21.833333333333332,8.25,8.25,8.25
"Vidarbha Cricket Association Stadium, Jamtha",Deccan Chargers,85.6241935483871,12.96774193548387,12.9,12.9,12.9
"Vidarbha Cricket Association Stadium, Jamtha",Rajasthan Royals,83.06333333333333,16.333333333333332,11.75,11.75,11.75
"Vidarbha Cricket Association Stadium, Jamtha",Royal Challengers Bangalore,93.21875,17.75,6.0,6.0,6.0
"Wankhede Stadium, Mumbai",Chennai Super Kings,106.66682539682539,21.07936507936508,12.701515151515153,10.787878787878787,14.606060606060606
"Wankhede Stadium, Mumbai",Deccan Chargers,67.745,11.583333333333334,3.7142857142857144,3.0,4.428571428571429
"Wankhede Stadium, Mumbai",Delhi Capitals,105.36547169811321,17.27704402509434,14.335999999999999,12.48,16.16
"Wankhede Stadium, Mumbai",Gujarat Lions,121.527,21.15,11.9,10.6,13.2
"Wankhede Stadium, Mumbai",Kochi Tuskers Kerala,118.67,55.0,17.0,17.0,17.0
"Wankhede Stadium, Mumbai",Kolkata Knight Riders,120.72925925925928,22.65608465566667,20.00555555533333,16.4,23.2
"Wankhede Stadium, Mumbai",Mumbai Indians,99.96206278026901,14.97406576979372,10.329520697264707,6.46078431372549,14.911764705882353
"Wankhede Stadium, Mumbai",Pune Warriors,82.62928571428571,14.797619047857143,8.857142857142858,6.142857142857143,11.571428571428571
"Wankhede Stadium, Mumbai",Punjab Kings,117.76117647058827,18.36181139117647,14.385416666541667,11.708333333333334,17.208333333333332
"Wankhede Stadium, Mumbai",Rajasthan Royals,115.28085714285714,20.01741496571429,13.272727272727273,12.636363636363637,14.0
"Wankhede Stadium, Mumbai",Rising Pune Supergiant,111.288125,12.729166666687501,7.4375,5.125,9.75
"Wankhede Stadium, Mumbai",Royal Challengers Bangalore,128.0584615384616,22.612759462641026,12.932,11.6,14.32
"Wankhede Stadium, Mumbai",Sunrisers Hyderabad,105.36843749999997,18.75781249990625,9.142857142857142,7.190476190476191,11.380952380952381
