venue,batting_team,innings,avg_wickets_20,avg_runs_6,avg_wickets_6,min_wickets_6,max_wickets_6
Arun Jaitley Stadium,Chennai Super Kings,38.4,0.6,14.571428571428571,0.14285714285714285,0.14285714285714285,0.14285714285714285
Arun Jaitley Stadium,Delhi Capitals,37.24193548387097,0.9838709677419355,11.880434782608695,0.34782608695652173,0.2826086956521739,0.41304347826086957
Arun Jaitley Stadium,Kolkata Knight Riders,35.81818181818182,1.4545454545454546,11.75,0.875,0.875,0.875
Arun Jaitley Stadium,Mumbai Indians,33.45454545454545,1.1818181818181819,12.666666666666666,0.1111111111111111,0.1111111111111111,0.1111111111111111
Arun Jaitley Stadium,Punjab Kings,20.5,1.25,16.833333333333332,0.6666666666666666,0.6666666666666666,0.6666666666666666
Arun Jaitley Stadium,Rajasthan Royals,27.6,0.95,14.428571428571429,0.5714285714285714,0.5714285714285714,0.5714285714285714
Arun Jaitley Stadium,Royal Challengers Bangalore,53.55555555555556,1.1111111111111112,15.571428571428571,0.35714285714285715,0.2857142857142857,0.42857142857142855
Arun Jaitley Stadium,Sunrisers Hyderabad,35.07692307692308,0.46153846153846156,14.125,0.125,0.125,0.125
Arun Jaitley Stadium,batting_team,98.0,2.0,mean,mean,mean,mean
Barabati Stadium,Chennai Super Kings,41.0,1.0,15.333333333333334,0.3333333333333333,0.3333333333333333,0.3333333333333333
Barabati Stadium,Deccan Chargers,20.166666666666668,1.0416666666666667,10.9375,0.4375,0.4375,0.4375
Barabati Stadium,Delhi Capitals,40.333333333333336,1.5,12.0,0.25,0.25,0.25
Barabati Stadium,Kolkata Knight Riders,36.63157894736842,0.5263157894736842,14.2,0.1,0.1,0.1
Barabati Stadium,Mumbai Indians,20.833333333333332,0.8333333333333334,9.25,0.5,0.5,0.5
Barabati Stadium,Pune Warriors,35.714285714285715,0.7142857142857143,12.0,0.25,0.25,0.25
Barabati Stadium,Punjab Kings,27.27777777777778,1.1111111111111112,12.666666666666666,0.7777777777777778,0.7777777777777778,0.7777777777777778
Brabourne Stadium,Chennai Super Kings,36.6,0.35,15.857142857142858,0.2857142857142857,0.2857142857142857,0.2857142857142857
Brabourne Stadium,Deccan Chargers,38.0,1.6666666666666667,10.0,0.5,0.5,0.5
Brabourne Stadium,Delhi Capitals,42.166666666666664,1.1666666666666667,15.5,0.375,0.375,0.375
Brabourne Stadium,Kolkata Knight Riders,35.81818181818182,1.0909090909090908,13.428571428571429,0.2857142857142857,0.2857142857142857,0.2857142857142857
Brabourne Stadium,Mumbai Indians,28.51063829787234,0.9680851063829787,14.379310344827585,0.1724137931034483,0.1724137931034483,0.1724137931034483
Brabourne Stadium,Punjab Kings,21.166666666666668,1.6666666666666667,12.0,0.5,0.5,0.5
Brabourne Stadium,Rajasthan Royals,33.68181818181818,0.9772727272727273,12.73076923076923,0.2692307692307692,0.23076923076923078,0.3076923076923077
Brabourne Stadium,Royal Challengers Bangalore,38.333333333333336,0.5,13.75,0.0,0.0,0.0
Brabourne Stadium,Sunrisers Hyderabad,21.0,0.6666666666666666,11.2,0.2,0.2,0.2
Buffalo Park,Chennai Super Kings,17.714285714285715,0.42857142857142855,13.25,0.0,0.0,0.0
Buffalo Park,Deccan Chargers,30.333333333333332,1.6666666666666667,17.333333333333332,1.0,1.0,1.0
Buffalo Park,Delhi Capitals,33.42857142857143,0.42857142857142855,18.0,0.0,0.0,0.0
Buffalo Park,Kolkata Knight Riders,42.333333333333336,1.0,6.5,0.5,0.5,0.5
Buffalo Park,Mumbai Indians,21.333333333333332,1.3333333333333333,10.0,0.7142857142857143,0.7142857142857143,0.7142857142857143
De Beers Diamond Oval,Chennai Super Kings,38.666666666666664,0.5,9.25,0.5,0.5,0.5
De Beers Diamond Oval,Deccan Chargers,18.923076923076923,0.9230769230769231,13.428571428571429,0.42857142857142855,0.42857142857142855,0.42857142857142855
De Beers Diamond Oval,Punjab Kings,30.5,0.875,9.0,0.4,0.4,0.4
De Beers Diamond Oval,Rajasthan Royals,27.846153846153847,1.3076923076923077,9.142857142857142,0.42857142857142855,0.42857142857142855,0.42857142857142855
Dr DY Patil Sports Academy,Chennai Super Kings,26.82608695652174,0.8260869565217391,9.933333333333334,0.3333333333333333,0.3333333333333333,0.3333333333333333
Dr DY Patil Sports Academy,Deccan Chargers,32.972972972972975,1.1081081081081081,12.681818181818182,0.45454545454545453,0.45454545454545453,0.45454545454545453
Dr DY Patil Sports Academy,Delhi Capitals,33.57142857142857,1.2142857142857142,17.333333333333332,0.3333333333333333,0.3333333333333333,0.3333333333333333
Dr DY Patil Sports Academy,Kochi Tuskers Kerala,17.571428571428573,1.1428571428571428,12.333333333333334,1.3333333333333333,1.3333333333333333,1.3333333333333333
Dr DY Patil Sports Academy,Kolkata Knight Riders,27.75,0.5833333333333334,11.714285714285714,0.7142857142857143,0.7142857142857143,0.7142857142857143
Dr DY Patil Sports Academy,Mumbai Indians,26.26829268292683,1.0365853658536586,13.204545454545455,0.4318181818181818,0.4090909090909091,0.45454545454545453
Dr DY Patil Sports Academy,Pune Warriors,27.476190476190474,1.0238095238095237,10.62962962962963,0.4444444444444444,0.4444444444444444,0.4444444444444444
Dr DY Patil Sports Academy,Punjab Kings,17.857142857142858,1.1428571428571428,9.0,1.25,1.25,1.25
Dr DY Patil Sports Academy,Rajasthan Royals,32.27272727272727,1.5454545454545454,17.8,0.6,0.6,0.6
Dr DY Patil Sports Academy,Royal Challengers Bangalore,42.4,1.0,12.833333333333334,0.16666666666666666,0.16666666666666666,0.16666666666666666
Dr. Y.S. Rajasekhara Reddy ACA-VDCA Cricket Stadium,Chennai Super Kings,32.63636363636363,0.9090909090909091,12.285714285714286,0.2857142857142857,0.2857142857142857,0.2857142857142857
Dr. Y.S. Rajasekhara Reddy ACA-VDCA Cricket Stadium,Deccan Chargers,25.76923076923077,1.4615384615384615,12.857142857142858,0.42857142857142855,0.42857142857142855,0.42857142857142855
Dr. Y.S. Rajasekhara Reddy ACA-VDCA Cricket Stadium,Delhi Capitals,31.51851851851852,1.2222222222222223,11.928571428571429,0.35714285714285715,0.2857142857142857,0.42857142857142855
Dr. Y.S. Rajasekhara Reddy ACA-VDCA Cricket Stadium,Kolkata Knight Riders,21.142857142857142,0.5714285714285714,9.8,0.4,0.4,0.4
Dr. Y.S. Rajasekhara Reddy ACA-VDCA Cricket Stadium,Mumbai Indians,34.45,1.35,10.583333333333334,0.75,0.75,0.75
Dr. Y.S. Rajasekhara Reddy ACA-VDCA Cricket Stadium,Punjab Kings,30.454545454545453,0.9090909090909091,10.5,0.125,0.125,0.125
Dr. Y.S. Rajasekhara Reddy ACA-VDCA Cricket Stadium,Rajasthan Royals,41.333333333333336,0.6666666666666666,12.0,0.0,0.0,0.0
Dr. Y.S. Rajasekhara Reddy ACA-VDCA Cricket Stadium,Rising Pune Supergiant,37.529411764705884,0.8823529411764706,12.555555555555555,0.4444444444444444,0.4444444444444444,0.4444444444444444
Dr. Y.S. Rajasekhara Reddy ACA-VDCA Cricket Stadium,Sunrisers Hyderabad,22.710526315789473,0.9210526315789473,13.342105263157896,0.23684210526315788,0.21052631578947367,0.2631578947368421
Dubai International Cricket Stadium,Chennai Super Kings,42.91111111111111,0.7333333333333333,11.306451612903226,0.3064516129032258,0.25806451612903225,0.3548387096774194
Dubai International Cricket Stadium,Delhi Capitals,36.490196078431374,0.9901960784313726,12.4635416665625,0.375,0.28125,0.46875
Dubai International Cricket Stadium,Kolkata Knight Riders,23.80952380952381,0.8571428571428571,12.653846153846153,0.23076923076923078,0.15384615384615385,0.3076923076923077
Dubai International Cricket Stadium,Mumbai Indians,40.77777777777778,1.0787037036944445,11.811594202608697,0.6413043478260869,0.6086956521739131,0.6956521739130435
Dubai International Cricket Stadium,Punjab Kings,42.10526315789474,0.9605263157894737,13.68,0.46,0.36,0.56
Dubai International Cricket Stadium,Rajasthan Royals,49.06666666666667,1.35,13.210526315789474,0.6052631578947368,0.5263157894736842,0.6842105263157895
Dubai International Cricket Stadium,Royal Challengers Bangalore,35.333333333333336,0.9888888888888889,11.774193548387096,0.43548387096774194,0.3548387096774194,0.5161290322580645
Dubai International Cricket Stadium,Sunrisers Hyderabad,39.02272727272727,0.8674242424318183,15.044871795000002,0.23076923076923078,0.11538461538461539,0.34615384615384615
Eden Gardens,Chennai Super Kings,50.8421052631579,0.8140350877368422,10.426666666666668,0.38,0.26666666666666666,0.5
Eden Gardens,Deccan Chargers,38.5,1.1875,11.3,0.45,0.4,0.5
Eden Gardens,Delhi Capitals,49.15151515151515,1.0328282828181818,12.159090909090908,0.48863636363636365,0.36363636363636365,0.6363636363636364
Eden Gardens,Gujarat Lions,44.0,1.0,14.916666666666666,0.25,0.16666666666666666,0.3333333333333333
Eden Gardens,Kochi Tuskers Kerala,24.6,1.4,11.25,0.0,0.0,0.0
Eden Gardens,Kolkata Knight Riders,59.74634146341464,0.9127448702975608,13.101328150367348,0.4254778101632653,0.30612244897959184,0.6122448979591837
Eden Gardens,Mumbai Indians,47.16326530612245,0.8707482993265306,13.8645833334375,0.48645833334375,0.40625,0.5625
Eden Gardens,Pune Warriors,42.0,1.3333333333333333,22.5,1.0,1.0,1.0
Eden Gardens,Punjab Kings,48.63157894736842,0.7819548872105263,14.599358974346153,0.28846153846153844,0.19230769230769232,0.46153846153846156
Eden Gardens,Rajasthan Royals,41.05882352941177,1.088235294117647,12.902777777791668,0.295138888875,0.25,0.375
Eden Gardens,Rising Pune Supergiant,31.272727272727273,1.0,18.5,0.6666666666666666,0.6666666666666666,0.6666666666666666
Eden Gardens,Royal Challengers Bangalore,53.25714285714286,0.9428571428571428,12.781944444583333,0.5013888888749999,0.4166666666666667,0.625
Eden Gardens,Sunrisers Hyderabad,61.5,1.0285714285769232,13.273182957368421,0.18045112784210526,0.10526315789473684,0.3157894736842105
Feroz Shah Kotla,Chennai Super Kings,40.925925925925924,0.6975308641851852,13.176470588235293,0.14705882352941177,0.11764705882352941,0.17647058823529413
Feroz Shah Kotla,Deccan Chargers,34.05555555555556,1.0277777777777777,14.708333333333334,0.3333333333333333,0.25,0.4166666666666667
Feroz Shah Kotla,Delhi Capitals,52.526315789473685,0.93148148148538,13.046581196504272,0.4339031338974359,0.27350427350427353,0.6153846153846154
Feroz Shah Kotla,Gujarat Lions,21.764705882352942,1.1764705882352942,15.25,0.4,0.4,0.4
Feroz Shah Kotla,Kochi Tuskers Kerala,33.666666666666664,0.5,22.333333333333332,0.3333333333333333,0.3333333333333333,0.3333333333333333
Feroz Shah Kotla,Kolkata Knight Riders,55.6875,1.1796875,14.261904761904763,0.4523809523809524,0.42857142857142855,0.47619047619047616
Feroz Shah Kotla,Mumbai Indians,49.88235294117647,1.1245098039411765,14.373333333200002,0.3,0.24,0.4
Feroz Shah Kotla,Pune Warriors,18.571428571428573,0.42857142857142855,13.0,0.25,0.25,0.25
Feroz Shah Kotla,Punjab Kings,48.38235294117647,1.0372549019705881,12.8333333332,0.53333333336,0.44,0.64
Feroz Shah Kotla,Rajasthan Royals,45.935483870967744,1.0215053763548387,12.394736842105264,0.4122807017368421,0.3157894736842105,0.5263157894736842
Feroz Shah Kotla,Rising Pune Supergiant,41.0,0.7083333333333334,16.2,0.4,0.4,0.4
Feroz Shah Kotla,Royal Challengers Bangalore,39.774193548387096,0.7741935483870968,13.925,0.41666666664999996,0.4,0.45
Feroz Shah Kotla,Sunrisers Hyderabad,29.06451612903226,0.9354838709677419,11.55,0.35,0.3,0.4
Green Park,Delhi Capitals,39.666666666666664,1.3333333333333333,16.0,0.5,0.5,0.5
Green Park,Gujarat Lions,27.91304347826087,1.0,16.857142857142858,0.42857142857142855,0.42857142857142855,0.42857142857142855
Green Park,Kolkata Knight Riders,20.833333333333332,1.3333333333333333,14.666666666666666,0.6666666666666666,0.6666666666666666,0.6666666666666666
Green Park,Mumbai Indians,20.833333333333332,1.3333333333333333,16.333333333333332,1.0,1.0,1.0
Green Park,Sunrisers Hyderabad,36.666666666666664,0.3333333333333333,15.666666666666666,0.6666666666666666,0.6666666666666666,0.6666666666666666
Himachal Pradesh Cricket Association Stadium,Chennai Super Kings,33.36363636363637,0.9545454545454546,12.333333333333334,0.6666666666666666,0.6666666666666666,0.6666666666666666
Himachal Pradesh Cricket Association Stadium,Deccan Chargers,33.36363636363637,0.5909090909090909,14.714285714285714,0.14285714285714285,0.14285714285714285,0.14285714285714285
Himachal Pradesh Cricket Association Stadium,Delhi Capitals,89.5,1.4166666667499999,10.25,0.38888888883333333,0.3333333333333333,0.5
Himachal Pradesh Cricket Association Stadium,Mumbai Indians,39.333333333333336,1.5,17.0,0.6666666666666666,0.6666666666666666,0.6666666666666666
Himachal Pradesh Cricket Association Stadium,Punjab Kings,29.0,0.8407407407333333,11.222222222222221,0.37654320988888895,0.3333333333333333,0.4074074074074074
Himachal Pradesh Cricket Association Stadium,Royal Challengers Bangalore,42.4,2.0,11.333333333333334,1.0,1.0,1.0
Holkar Cricket Stadium,Kochi Tuskers Kerala,25.0,1.0,18.625,0.25,0.25,0.25
Holkar Cricket Stadium,Kolkata Knight Riders,20.833333333333332,1.0,11.8,0.2,0.2,0.2
Holkar Cricket Stadium,Mumbai Indians,42.8,0.5,15.125,0.25,0.25,0.25
Holkar Cricket Stadium,Punjab Kings,33.77272727272727,0.8295454545454546,14.3,0.48,0.44,0.52
Holkar Cricket Stadium,Rajasthan Royals,18.0,1.4615384615384615,12.833333333333334,0.8333333333333334,0.8333333333333334,0.8333333333333334
Holkar Cricket Stadium,Rising Pune Supergiant,20.833333333333332,1.0,11.666666666666666,0.3333333333333333,0.3333333333333333,0.3333333333333333
Holkar Cricket Stadium,Royal Challengers Bangalore,25.0,0.4444444444444444,10.857142857142858,0.42857142857142855,0.42857142857142855,0.42857142857142855
JSCA International Stadium Complex,Chennai Super Kings,32.19230769230769,0.7692307692307693,12.441176470588236,0.4117647058823529,0.4117647058823529,0.4117647058823529
JSCA International Stadium Complex,Kolkata Knight Riders,38.44444444444444,1.1388888888888888,7.833333333333333,0.7083333333333334,0.6666666666666666,0.75
JSCA International Stadium Complex,Pune Warriors,20.166666666666668,0.6666666666666666,14.0,0.3333333333333333,0.3333333333333333,0.3333333333333333
JSCA International Stadium Complex,Rajasthan Royals,20.5,1.3333333333333333,10.5,0.0,0.0,0.0
JSCA International Stadium Complex,Royal Challengers Bangalore,30.625,1.1875,8.714285714285714,0.5,0.42857142857142855,0.5714285714285714
JSCA International Stadium Complex,Sunrisers Hyderabad,40.333333333333336,0.6666666666666666,21.333333333333332,0.0,0.0,0.0
Kingsmead,Chennai Super Kings,24.72,1.36,14.0625,0.3125,0.3125,0.3125
Kingsmead,Deccan Chargers,32.26315789473684,1.2105263157894737,14.5,0.25,0.25,0.25
Kingsmead,Delhi Capitals,26.61111111111111,0.7222222222222222,14.333333333333334,0.25,0.25,0.25
Kingsmead,Kolkata Knight Riders,27.5,0.7272727272727273,13.428571428571429,0.42857142857142855,0.42857142857142855,0.42857142857142855
Kingsmead,Mumbai Indians,38.2,1.2,9.0,0.6363636363636364,0.6363636363636364,0.6363636363636364
Kingsmead,Punjab Kings,35.4,1.0285714285714285,9.275,0.4,0.4,0.4
Kingsmead,Rajasthan Royals,18.55,1.0,12.083333333333334,0.3333333333333333,0.3333333333333333,0.3333333333333333
Kingsmead,Royal Challengers Bangalore,35.19047619047619,1.0714285714285714,13.545454545454545,0.5,0.45454545454545453,0.5454545454545454
M.Chinnaswamy Stadium,Chennai Super Kings,43.361111111111114,0.9351851851944445,10.569444444583334,0.4930555555833333,0.375,0.625
M.Chinnaswamy Stadium,Deccan Chargers,50.75,0.5833333333333334,10.285714285714286,0.21428571428571427,0.14285714285714285,0.2857142857142857
M.Chinnaswamy Stadium,Delhi Capitals,53.16216216216216,0.9684684684864866,14.62820512819231,0.4391025641153847,0.34615384615384615,0.5384615384615384
M.Chinnaswamy Stadium,Gujarat Lions,38.785714285714285,1.0119047618571428,14.055555555,0.9722222221666668,0.8333333333333334,1.1666666666666667
M.Chinnaswamy Stadium,Kochi Tuskers Kerala,21.5,1.5,12.25,0.25,0.25,0.25
M.Chinnaswamy Stadium,Kolkata Knight Riders,37.660377358490564,0.9842767295660377,13.647619047714285,0.3914285714285714,0.34285714285714286,0.45714285714285713
M.Chinnaswamy Stadium,Mumbai Indians,48.6078431372549,0.8042483660196079,10.571078431470587,0.38235294117647056,0.29411764705882354,0.5
M.Chinnaswamy Stadium,Pune Warriors,44.214285714285715,1.0357142857142858,11.363636363636363,0.45454545454545453,0.45454545454545453,0.45454545454545453
M.Chinnaswamy Stadium,Punjab Kings,50.44186046511628,0.9709302325581395,13.268518518518519,0.40432098766666663,0.25925925925925924,0.5555555555555556
M.Chinnaswamy Stadium,Rajasthan Royals,36.18518518518518,0.8734567901111111,11.973684210526315,0.2894736842105263,0.21052631578947367,0.3684210526315789
M.Chinnaswamy Stadium,Rising Pune Supergiant,25.2,1.15,13.4375,0.125,0.125,0.125
M.Chinnaswamy Stadium,Royal Challengers Bangalore,65.69633507853403,0.952898279732984,13.390457589320313,0.38526785714843753,0.203125,0.671875
M.Chinnaswamy Stadium,Sunrisers Hyderabad,39.44117647058823,0.9901960784411765,14.007575757272729,0.26515151513636365,0.22727272727272727,0.3181818181818182
MA Chidambaram Stadium,Chennai Super Kings,51.93370165745856,0.8737569060828729,12.093023255844962,0.31937984495348837,0.23255813953488372,0.43410852713178294
MA Chidambaram Stadium,Deccan Chargers,52.8125,0.7916666666875,14.683333333299998,0.1916666667,0.1,0.4
MA Chidambaram Stadium,Delhi Capitals,87.35,1.2291666666499999,22.545454545454547,0.9318181818181818,0.5454545454545454,1.2727272727272727
MA Chidambaram Stadium,Kochi Tuskers Kerala,50.8,1.0,13.333333333333334,0.3333333333333333,0.3333333333333333,0.3333333333333333
MA Chidambaram Stadium,Kolkata Knight Riders,56.63636363636363,1.25,14.834722222083334,0.4791666666666667,0.3333333333333333,0.6666666666666666
MA Chidambaram Stadium,Mumbai Indians,48.62162162162162,1.122972972972973,17.5,0.425,0.4,0.45
MA Chidambaram Stadium,Pune Warriors,56.0,1.2727272727272727,17.166666666666668,0.7777777778333334,0.6666666666666666,1.0
MA Chidambaram Stadium,Punjab Kings,59.0,1.130952380952381,12.98076923076923,0.5384615384615384,0.38461538461538464,0.6923076923076923
MA Chidambaram Stadium,Rajasthan Royals,54.0,0.8623188405652173,17.288888889133332,0.25555555553333337,0.2,0.3333333333333333
MA Chidambaram Stadium,Royal Challengers Bangalore,50.55882352941177,1.2588235294117647,13.936507936666668,0.5238095238095238,0.3333333333333333,0.7142857142857143
MA Chidambaram Stadium,Sunrisers Hyderabad,46.5,0.8333333333124999,15.166666666666666,0.6111111111111112,0.5555555555555556,0.6666666666666666
Maharashtra Cricket Association Stadium,Chennai Super Kings,30.685714285714287,0.7142857142857143,13.217391304347826,0.2608695652173913,0.2608695652173913,0.2608695652173913
Maharashtra Cricket Association Stadium,Delhi Capitals,35.05555555555556,0.7777777777777778,18.666666666666668,0.4444444444444444,0.4444444444444444,0.4444444444444444
Maharashtra Cricket Association Stadium,Gujarat Lions,31.25,1.4166666666666667,15.875,0.125,0.125,0.125
Maharashtra Cricket Association Stadium,Kolkata Knight Riders,43.25,0.96875,15.7,0.5,0.5,0.5
Maharashtra Cricket Association Stadium,Mumbai Indians,42.642857142857146,0.6071428571428571,13.166666666666666,0.16666666666666666,0.1111111111111111,0.2222222222222222
Maharashtra Cricket Association Stadium,Punjab Kings,25.892857142857142,1.4821428571428572,13.4,1.0,1.0,1.0
Maharashtra Cricket Association Stadium,Rajasthan Royals,35.294117647058826,1.588235294117647,12.222222222222221,0.8888888888888888,0.8888888888888888,0.8888888888888888
Maharashtra Cricket Association Stadium,Rising Pune Supergiant,34.24561403508772,0.8070175438596491,12.486486486486486,0.43243243243243246,0.43243243243243246,0.43243243243243246
Maharashtra Cricket Association Stadium,Royal Challengers Bangalore,26.869565217391305,1.0869565217391304,12.5,0.35714285714285715,0.35714285714285715,0.35714285714285715
Maharashtra Cricket Association Stadium,Sunrisers Hyderabad,21.166666666666668,0.5,10.5,0.16666666666666666,0.16666666666666666,0.16666666666666666
Nehru Stadium,Chennai Super Kings,17.333333333333332,0.6666666666666666,14.0,0.3333333333333333,0.3333333333333333,0.3333333333333333
Nehru Stadium,Deccan Chargers,20.833333333333332,1.1666666666666667,6.666666666666667,1.0,1.0,1.0
Nehru Stadium,Delhi Capitals,20.833333333333332,1.1666666666666667,17.0,1.0,1.0,1.0
Nehru Stadium,Kochi Tuskers Kerala,29.896551724137932,1.1379310344827587,12.411764705882353,0.7058823529411765,0.7058823529411765,0.7058823529411765
Nehru Stadium,Kolkata Knight Riders,40.666666666666664,1.1666666666666667,10.75,0.0,0.0,0.0
Nehru Stadium,Royal Challengers Bangalore,40.333333333333336,0.6666666666666666,12.0,0.5,0.5,0.5
New Wanderers Stadium,Chennai Super Kings,22.545454545454547,1.3636363636363635,15.0,0.2857142857142857,0.2857142857142857,0.2857142857142857
New Wanderers Stadium,Deccan Chargers,34.55555555555556,1.0,10.583333333333334,0.3333333333333333,0.3333333333333333,0.3333333333333333
New Wanderers Stadium,Delhi Capitals,30.57894736842105,0.9473684210526315,13.3,0.5,0.5,0.5
New Wanderers Stadium,Kolkata Knight Riders,20.833333333333332,1.0833333333333333,11.333333333333334,0.6666666666666666,0.6666666666666666,0.6666666666666666
New Wanderers Stadium,Mumbai Indians,20.333333333333332,0.6666666666666666,8.333333333333334,1.0,1.0,1.0
New Wanderers Stadium,Punjab Kings,18.0,1.0,13.0,1.0,1.0,1.0
New Wanderers Stadium,Royal Challengers Bangalore,36.0,0.6538461538461539,13.307692307692308,0.38461538461538464,0.38461538461538464,0.38461538461538464
Newlands,Chennai Super Kings,41.0,1.1666666666666667,13.333333333333334,0.6666666666666666,0.6666666666666666,0.6666666666666666
Newlands,Deccan Chargers,21.615384615384617,0.6153846153846154,19.8,0.6,0.6,0.6
Newlands,Delhi Capitals,12.8,0.0,11.6,0.0,0.0,0.0
Newlands,Kolkata Knight Riders,36.36363636363637,1.7272727272727273,12.333333333333334,0.8333333333333334,0.8333333333333334,0.8333333333333334
Newlands,Mumbai Indians,24.2,1.4,13.333333333333334,0.3333333333333333,0.3333333333333333,0.3333333333333333
Newlands,Punjab Kings,20.4,1.3,13.125,0.375,0.375,0.375
Newlands,Rajasthan Royals,34.705882352941174,1.3529411764705883,10.727272727272727,0.7272727272727273,0.7272727272727273,0.7272727272727273
Newlands,Royal Challengers Bangalore,34.0,1.4545454545454546,10.0,0.8333333333333334,0.8333333333333334,0.8333333333333334
OUTsurance Oval,Delhi Capitals,16.733333333333334,0.8,10.428571428571429,0.5714285714285714,0.5714285714285714,0.5714285714285714
OUTsurance Oval,Punjab Kings,40.666666666666664,0.6666666666666666,12.333333333333334,1.0,1.0,1.0
OUTsurance Oval,Rajasthan Royals,42.333333333333336,1.5,6.0,0.5,0.5,0.5
"Punjab Cricket Association Stadium, Mohali",Chennai Super Kings,32.78125,0.57291666665625,12.0,0.35,0.3,0.4
"Punjab Cricket Association Stadium, Mohali",Deccan Chargers,22.181818181818183,0.7272727272727273,11.125,0.125,0.125,0.125
"Punjab Cricket Association Stadium, Mohali",Delhi Capitals,44.2962962962963,1.4351851851851851,11.37962962961111,0.5277777777777778,0.3333333333333333,0.7222222222222222
"Punjab Cricket Association Stadium, Mohali",Gujarat Lions,51.111111111111114,0.8333333333333334,16.0,0.3,0.2,0.4
"Punjab Cricket Association Stadium, Mohali",Kolkata Knight Riders,45.63636363636363,0.8257575757575758,14.525,0.45,0.35,0.55
"Punjab Cricket Association Stadium, Mohali",Mumbai Indians,43.46875,1.234375,12.579365079380953,0.27777777776190476,0.14285714285714285,0.42857142857142855
"Punjab Cricket Association Stadium, Mohali",Pune Warriors,41.90909090909091,1.4696969697272728,11.047619047142858,0.47619047614285714,0.42857142857142855,0.5714285714285714
"Punjab Cricket Association Stadium, Mohali",Punjab Kings,57.220238095238095,0.8972718253928572,14.195259938779815,0.34567496722935775,0.21100917431192662,0.5229357798165137
"Punjab Cricket Association Stadium, Mohali",Rajasthan Royals,47.32258064516129,0.9440860215161291,14.572916666875,0.36458333331250004,0.3125,0.4375
"Punjab Cricket Association Stadium, Mohali",Rising Pune Supergiant,20.5,1.1666666666666667,12.25,0.25,0.25,0.25
"Punjab Cricket Association Stadium, Mohali",Royal Challengers Bangalore,42.03448275862069,0.75,14.425,0.3,0.1,0.5
"Punjab Cricket Association Stadium, Mohali",Sunrisers Hyderabad,45.09090909090909,0.7651515151818181,11.980392156470588,0.31372549017647056,0.23529411764705882,0.47058823529411764
"Rajiv Gandhi International Stadium, Uppal",Chennai Super Kings,34.96875,0.734375,13.035087719473683,0.24561403510526314,0.21052631578947367,0.2631578947368421
"Rajiv Gandhi International Stadium, Uppal",Deccan Chargers,34.03448275862069,1.1111111111149425,11.820987654259259,0.4876543209814815,0.46296296296296297,0.5185185185185185
"Rajiv Gandhi International Stadium, Uppal",Delhi Capitals,40.25,0.7083333333333334,14.8875,0.425,0.35,0.5
"Rajiv Gandhi International Stadium, Uppal",Gujarat Lions,27.22222222222222,1.0555555555555556,8.6,0.7,0.6,0.8
"Rajiv Gandhi International Stadium, Uppal",Kolkata Knight Riders,46.87096774193548,0.832258064516129,12.014285714285714,0.37301587300000005,0.3333333333333333,0.42857142857142855
"Rajiv Gandhi International Stadium, Uppal",Mumbai Indians,41.32432432432432,1.0752252251891892,11.501724137931035,0.3931034482758621,0.3103448275862069,0.4827586206896552
"Rajiv Gandhi International Stadium, Uppal",Pune Warriors,50.666666666666664,1.1666666666666667,8.0,0.0,0.0,0.0
"Rajiv Gandhi International Stadium, Uppal",Punjab Kings,55.027027027027025,0.9405405405405405,12.376923076923077,0.1974358974230769,0.15384615384615385,0.2692307692307692
"Rajiv Gandhi International Stadium, Uppal",Rajasthan Royals,43.64,1.04666666668,13.104166666687501,0.1979166666875,0.125,0.25
"Rajiv Gandhi International Stadium, Uppal",Rising Pune Supergiant,43.0,1.1666666666666667,9.090909090909092,0.18181818181818182,0.09090909090909091,0.2727272727272727
"Rajiv Gandhi International Stadium, Uppal",Royal Challengers Bangalore,56.888888888888886,1.1555555555555557,10.759090909090908,0.6333333333181819,0.5454545454545454,0.7727272727272727
"Rajiv Gandhi International Stadium, Uppal",Sunrisers Hyderabad,54.319148936170215,0.9600472813120567,13.211340206185566,0.28075601374226805,0.18556701030927836,0.41237113402061853
"Sardar Patel Stadium, Motera",Chennai Super Kings,28.384615384615383,0.7692307692307693,12.125,0.375,0.375,0.375
"Sardar Patel Stadium, Motera",Deccan Chargers,18.142857142857142,1.2857142857142858,13.75,0.5,0.5,0.5
"Sardar Patel Stadium, Motera",Delhi Capitals,35.84615384615385,1.0,13.428571428571429,0.5714285714285714,0.5714285714285714,0.5714285714285714
"Sardar Patel Stadium, Motera",Kolkata Knight Riders,41.0,0.9166666666666666,11.0,0.125,0.125,0.125
"Sardar Patel Stadium, Motera",Mumbai Indians,24.4,0.7,9.214285714285714,0.21428571428571427,0.14285714285714285,0.2857142857142857
"Sardar Patel Stadium, Motera",Punjab Kings,37.57142857142857,1.1428571428571428,13.75,0.75,0.75,0.75
"Sardar Patel Stadium, Motera",Rajasthan Royals,30.44776119402985,1.037313432835821,14.012195121951219,0.4268292682926829,0.4146341463414634,0.43902439024390244
"Sardar Patel Stadium, Motera",Royal Challengers Bangalore,32.333333333333336,0.16666666666666666,12.25,0.25,0.25,0.25
"Sardar Patel Stadium, Motera",Sunrisers Hyderabad,20.333333333333332,1.5,12.5,0.25,0.25,0.25
Saurashtra Cricket Association Stadium,Delhi Capitals,30.285714285714285,0.2857142857142857,20.333333333333332,0.0,0.0,0.0
Saurashtra Cricket Association Stadium,Gujarat Lions,38.68627450980392,0.9901960784313726,12.81081081081081,0.32432432432432434,0.2702702702702703,0.3783783783783784
Saurashtra Cricket Association Stadium,Kolkata Knight Riders,32.0,0.0,18.25,0.0,0.0,0.0
Saurashtra Cricket Association Stadium,Mumbai Indians,36.714285714285715,1.7142857142857142,12.0,0.5,0.5,0.5
Saurashtra Cricket Association Stadium,Punjab Kings,20.25,1.2916666666666667,13.625,0.125,0.125,0.125
Saurashtra Cricket Association Stadium,Rising Pune Supergiant,24.4,1.1,12.916666666666666,0.4166666666666667,0.3333333333333333,0.5
Saurashtra Cricket Association Stadium,Royal Challengers Bangalore,24.5,0.3,11.071428571428571,0.07142857142857142,0.0,0.14285714285714285
Saurashtra Cricket Association Stadium,Sunrisers Hyderabad,26.857142857142858,0.0,15.75,0.0,0.0,0.0
Sawai Mansingh Stadium,Chennai Super Kings,40.708333333333336,0.9895833333333334,11.102941176470589,0.4411764705882353,0.35294117647058826,0.5294117647058824
Sawai Mansingh Stadium,Deccan Chargers,22.454545454545453,0.7727272727272727,17.833333333333332,0.0,0.0,0.0
Sawai Mansingh Stadium,Delhi Capitals,39.36363636363637,0.8939393939090908,12.568627451176472,0.42156862747058826,0.29411764705882354,0.5294117647058824
Sawai Mansingh Stadium,Kochi Tuskers Kerala,24.6,2.0,10.666666666666666,0.6666666666666666,0.6666666666666666,0.6666666666666666
Sawai Mansingh Stadium,Kolkata Knight Riders,59.30434782608695,0.9130434782608695,13.96875,0.5,0.375,0.625
Sawai Mansingh Stadium,Mumbai Indians,43.56,1.042,9.618421052631579,0.27631578947368424,0.15789473684210525,0.47368421052631576
Sawai Mansingh Stadium,Pune Warriors,44.81818181818182,1.0151515151818182,11.666666666666666,0.3333333333333333,0.1111111111111111,0.5555555555555556
Sawai Mansingh Stadium,Punjab Kings,36.2962962962963,1.1018518518518519,12.733333333333333,0.5666666666666667,0.4,0.7333333333333333
Sawai Mansingh Stadium,Rajasthan Royals,55.09493670886076,0.8741561181518989,12.958412698419046,0.3388888888761905,0.2761904761904762,0.4380952380952381
Sawai Mansingh Stadium,Royal Challengers Bangalore,44.714285714285715,0.8380952381071429,14.558823529411764,0.34313725488235297,0.23529411764705882,0.47058823529411764
Sawai Mansingh Stadium,Sunrisers Hyderabad,21.88235294117647,1.2941176470588236,11.15,0.7,0.7,0.7
Shaheed Veer Narayan Singh International Stadium,Chennai Super Kings,20.0,1.0,8.0,0.5,0.5,0.5
Shaheed Veer Narayan Singh International Stadium,Delhi Capitals,33.22857142857143,0.7380952380857142,9.933333333499998,0.41666666665,0.4,0.45
Shaheed Veer Narayan Singh International Stadium,Kolkata Knight Riders,25.0,1.4,9.25,0.75,0.75,0.75
Shaheed Veer Narayan Singh International Stadium,Pune Warriors,49.2,0.8,10.75,0.0,0.0,0.0
Shaheed Veer Narayan Singh International Stadium,Royal Challengers Bangalore,37.0,0.6666666666666666,24.5,1.0,1.0,1.0
Shaheed Veer Narayan Singh International Stadium,Sunrisers Hyderabad,34.857142857142854,1.0,11.375,0.5,0.25,0.75
Sharjah Cricket Stadium,Chennai Super Kings,33.22727272727273,1.0909090909090908,11.642857142857142,0.42857142857142855,0.42857142857142855,0.42857142857142855
Sharjah Cricket Stadium,Delhi Capitals,29.20689655172414,0.8448275862068966,11.617647058823529,0.5,0.47058823529411764,0.5294117647058824
Sharjah Cricket Stadium,Kolkata Knight Riders,32.47826086956522,1.391304347826087,13.2,0.4666666666666667,0.4666666666666667,0.4666666666666667
Sharjah Cricket Stadium,Mumbai Indians,28.61111111111111,0.8333333333333334,14.272727272727273,0.4090909090909091,0.36363636363636365,0.45454545454545453
Sharjah Cricket Stadium,Punjab Kings,33.206896551724135,0.5172413793103449,13.0,0.1111111111111111,0.1111111111111111,0.1111111111111111
Sharjah Cricket Stadium,Rajasthan Royals,35.666666666666664,1.2857142857142858,14.533333333333333,0.26666666666666666,0.26666666666666666,0.26666666666666666
Sharjah Cricket Stadium,Royal Challengers Bangalore,33.12,0.8,13.40625,0.21875,0.1875,0.25
Sharjah Cricket Stadium,Sunrisers Hyderabad,39.11538461538461,0.9807692307692307,12.421052631578947,0.3684210526315789,0.3684210526315789,0.3684210526315789
Sheikh Zayed Stadium,Chennai Super Kings,33.0,0.7727272727272727,13.95,0.3,0.3,0.3
Sheikh Zayed Stadium,Delhi Capitals,36.6875,1.046875,12.9,0.45,0.45,0.45
Sheikh Zayed Stadium,Kolkata Knight Riders,34.9811320754717,1.2547169811320755,10.097222222222221,0.5555555555555556,0.5277777777777778,0.5833333333333334
Sheikh Zayed Stadium,Mumbai Indians,39.05,0.8875,11.629032258064516,0.27419354838709675,0.22580645161290322,0.3225806451612903
Sheikh Zayed Stadium,Punjab Kings,34.3125,1.03125,14.714285714285714,0.42857142857142855,0.42857142857142855,0.42857142857142855
Sheikh Zayed Stadium,Rajasthan Royals,41.86486486486486,0.8378378378378378,13.863636363636363,0.6590909090909091,0.5454545454545454,0.7727272727272727
Sheikh Zayed Stadium,Royal Challengers Bangalore,26.90625,1.0625,11.0,0.4090909090909091,0.4090909090909091,0.4090909090909091
Sheikh Zayed Stadium,Sunrisers Hyderabad,38.689655172413794,0.8793103448275862,12.764705882352942,0.4117647058823529,0.29411764705882354,0.5294117647058824
St George's Park,Chennai Super Kings,26.0,0.5714285714285714,14.714285714285714,0.2857142857142857,0.2857142857142857,0.2857142857142857
St George's Park,Deccan Chargers,17.714285714285715,0.7142857142857143,9.75,0.5,0.5,0.5
St George's Park,Delhi Capitals,40.0,0.6666666666666666,14.333333333333334,0.6666666666666666,0.6666666666666666,0.6666666666666666
St George's Park,Kolkata Knight Riders,26.083333333333332,1.0,9.375,0.375,0.375,0.375
St George's Park,Mumbai Indians,19.63157894736842,0.6842105263157895,19.5,0.375,0.375,0.375
St George's Park,Punjab Kings,31.5,0.5,12.75,0.5,0.5,0.5
St George's Park,Rajasthan Royals,34.857142857142854,1.0,10.0,1.0,1.0,1.0
St George's Park,Royal Challengers Bangalore,35.875,1.5,14.444444444444445,0.6666666666666666,0.6666666666666666,0.6666666666666666
Subrata Roy Sahara Stadium,Chennai Super Kings,24.5,0.6,9.071428571428571,0.21428571428571427,0.14285714285714285,0.2857142857142857
Subrata Roy Sahara Stadium,Deccan Chargers,24.4,0.8,12.5,0.5,0.5,0.5
Subrata Roy Sahara Stadium,Delhi Capitals,38.77777777777778,1.0555555555555556,14.272727272727273,0.45454545454545453,0.45454545454545453,0.45454545454545453
Subrata Roy Sahara Stadium,Kolkata Knight Riders,24.533333333333335,0.7333333333333333,10.7,0.2,0.1,0.3
Subrata Roy Sahara Stadium,Mumbai Indians,35.5,1.15,8.857142857142858,0.21428571428571427,0.14285714285714285,0.2857142857142857
Subrata Roy Sahara Stadium,Pune Warriors,46.470588235294116,1.2279411764705883,11.104166666666666,0.4791666666666667,0.3958333333333333,0.5625
Subrata Roy Sahara Stadium,Punjab Kings,44.666666666666664,0.8333333333333334,9.75,0.4166666666666667,0.3333333333333333,0.5
Subrata Roy Sahara Stadium,Rajasthan Royals,29.0,0.6363636363636364,11.714285714285714,0.2857142857142857,0.2857142857142857,0.2857142857142857
Subrata Roy Sahara Stadium,Royal Challengers Bangalore,24.8,0.5,12.5,0.0,0.0,0.0
Subrata Roy Sahara Stadium,Sunrisers Hyderabad,25.0,1.6,8.333333333333334,1.3333333333333333,1.3333333333333333,1.3333333333333333
SuperSport Park,Chennai Super Kings,19.0,0.5789473684210527,13.727272727272727,0.2727272727272727,0.2727272727272727,0.2727272727272727
SuperSport Park,Deccan Chargers,38.05263157894737,1.0,13.5,0.2692307692307692,0.15384615384615385,0.38461538461538464
SuperSport Park,Delhi Capitals,30.73913043478261,0.9565217391304348,15.5,0.6818181818181818,0.6363636363636364,0.7272727272727273
SuperSport Park,Kolkata Knight Riders,30.5,0.5833333333333334,18.8,0.6,0.6,0.6
SuperSport Park,Mumbai Indians,32.27777777777778,1.0,10.272727272727273,0.6363636363636364,0.6363636363636364,0.6363636363636364
SuperSport Park,Punjab Kings,23.466666666666665,0.8,14.857142857142858,0.5714285714285714,0.5714285714285714,0.5714285714285714
SuperSport Park,Rajasthan Royals,36.77777777777778,0.9444444444444444,11.333333333333334,0.5555555555555556,0.5555555555555556,0.5555555555555556
SuperSport Park,Royal Challengers Bangalore,26.0,0.9473684210526315,9.0,0.3333333333333333,0.3333333333333333,0.3333333333333333
"Vidarbha Cricket Association Stadium, Jamtha",Chennai Super Kings,17.571428571428573,1.1428571428571428,11.0,0.2,0.2,0.2
"Vidarbha Cricket Association Stadium, Jamtha",Deccan Chargers,34.333333333333336,1.1111111111111112,12.4,0.7,0.7,0.7
"Vidarbha Cricket Association Stadium, Jamtha",Rajasthan Royals,20.5,1.6666666666666667,9.6,0.4,0.4,0.4
"Vidarbha Cricket Association Stadium, Jamtha",Royal Challengers Bangalore,50.0,2.0,9.5,0.25,0.25,0.25
"Wankhede Stadium, Mumbai",Chennai Super Kings,53.083333333333336,0.9484126984,13.151960784411765,0.5588235294117647,0.4117647058823529,0.7058823529411765
"Wankhede Stadium, Mumbai",Deccan Chargers,26.22222222222222,1.2777777777777777,9.9,0.3,0.2,0.4
"Wankhede Stadium, Mumbai",Delhi Capitals,63.78787878787879,0.9464646464848485,13.568181818045456,0.5113636364090909,0.36363636363636365,0.6818181818181818
"Wankhede Stadium, Mumbai",Gujarat Lions,53.42857142857143,0.8571428571428571,12.25,0.16666666666666666,0.0,0.3333333333333333
"Wankhede Stadium, Mumbai",Kochi Tuskers Kerala,40.333333333333336,0.3333333333333333,12.5,0.0,0.0,0.0
"Wankhede Stadium, Mumbai",Kolkata Knight Riders,55.46153846153846,1.3673076923461538,10.80092592572222,0.6222222222222222,0.4444444444444444,0.8333333333333334
"Wankhede Stadium, Mumbai",Mumbai Indians,71.01840490797547,0.9633313857300614,13.897222222194445,0.3708333333333333,0.17592592592592593,0.6388888888888888
"Wankhede Stadium, Mumbai",Pune Warriors,48.0,1.5666666667,9.261904761857142,1.0476190475714284,0.8571428571428571,1.2857142857142858
"Wankhede Stadium, Mumbai",Punjab Kings,44.357142857142854,0.8742063492142859,14.230357142857143,0.3821428571428571,0.35714285714285715,0.42857142857142855
"Wankhede Stadium, Mumbai",Rajasthan Royals,64.64,1.10933333332,13.96666666665,0.29166666665,0.15,0.45
"Wankhede Stadium, Mumbai",Rising Pune Supergiant,43.1,0.5833333332999999,12.8,0.26666666660000005,0.2,0.4
"Wankhede Stadium, Mumbai",Royal Challengers Bangalore,59.064516129032256,0.7376344085806452,16.525,0.30833333335,0.25,0.4
"Wankhede Stadium, Mumbai",Sunrisers Hyderabad,51.18181818181818,1.0340909091363637,16.053030303636362,0.6212121211818181,0.2727272727272727,1.0909090909090908
