region,tenure,age,marital,address,income,ed,emply,retire,gender,reside,tollfree,equip,callcard,wireless,logmon,tollmon,equipmon,cardmon,wiremon,longten,tollten,equipten,cardten,wireten,multine,voice,pager,internet,callid,callwait,forward,confer,ebill,custcat,churn
2,13,44,1,9,64,4,5,0,0,2,0,0,1,0,3.7,0,0,7.5,0,37.45,0,0,110,0,0,0,0,0,0,0,1,0,0,1,1
3,11,33,1,7,136,5,5,0,0,6,1,0,1,1,4.4,20.75,0,15.25,35.7,42,211.45,0,125,380.35,0,1,1,0,1,1,1,1,0,4,1
3,68,52,1,24,116,1,29,0,1,2,1,0,1,0,18.15,18,0,30.25,0,1300.6,1247.2,0,2150,0,0,0,0,0,1,1,0,1,0,3,0
2,33,33,0,12,33,2,0,0,1,1,0,0,0,0,9.45,0,0,0,0,288.8,0,0,0,0,0,0,0,0,0,0,0,0,0,1,1
2,23,30,1,9,30,1,2,0,0,4,0,0,0,0,6.3,0,0,0,0,157.05,0,0,0,0,0,0,0,0,1,0,1,1,0,3,0
2,41,39,0,17,78,2,16,0,1,1,1,0,1,0,11.8,19.25,0,13.5,0,487.4,798.4,0,570,0,0,0,0,0,1,1,0,0,0,3,0
3,45,22,1,2,19,2,4,0,1,5,0,0,1,0,10.9,0,0,8.75,0,504.5,0,0,415,0,1,0,0,1,0,1,0,0,1,2,1
2,38,35,0,5,76,2,10,0,0,3,1,1,1,1,6.05,45,50.1,23.25,64.9,239.55,1873.05,1820.9,880,2256.7,1,1,1,1,1,1,1,1,1,4,0
3,45,59,1,7,166,4,31,0,0,5,1,0,1,0,9.75,28.5,0,12,0,449.05,1240.15,0,505,0,1,0,0,0,1,1,1,1,0,3,0
1,68,41,1,21,72,1,22,0,0,3,0,0,1,0,24.15,0,0,16.5,0,1659.7,0,0,1155,0,1,0,0,0,0,0,0,0,0,2,0
2,5,33,0,10,125,4,5,0,1,1,0,1,0,0,4.85,0,26.15,0,0,17.25,0,110.1,0,0,0,0,1,1,0,0,0,0,1,1,1
3,7,35,0,14,80,2,15,0,1,1,1,0,1,0,7.1,22,0,23.75,0,47.45,166.1,0,145,0,0,1,0,0,1,1,1,1,0,3,0
1,41,38,1,8,37,2,9,0,1,3,0,0,1,0,8.55,0,0,41.75,0,308.7,0,0,1650,0,0,0,0,0,0,0,0,0,0,1,0
2,57,54,1,30,115,4,23,0,1,3,1,1,0,1,15.6,46.25,46.7,0,61.05,825.35,2624.25,2590.95,0,3348.85,1,1,1,1,1,1,1,1,1,4,1
2,9,46,0,3,25,1,8,0,1,2,0,0,0,0,4.4,0,0,0,0,36.8,0,0,0,0,0,0,0,0,0,0,0,0,0,1,0
1,29,38,1,12,75,5,1,0,0,4,0,1,1,0,5.1,0,30.25,11.25,0,146.25,0,780.8,295,0,1,0,0,1,0,0,0,0,0,2,0
3,60,57,0,38,162,2,30,0,0,1,1,1,1,0,16.15,29.75,31.3,30,0,946.9,1767.6,1788.95,1795,0,1,0,0,0,1,1,1,1,0,3,0
3,34,48,0,3,49,2,6,0,1,3,1,0,0,0,6.65,18.5,0,0,0,230.8,614.3,0,0,0,0,0,0,0,0,1,1,1,0,3,0
2,1,24,0,3,20,1,3,0,0,1,0,0,0,0,1.05,0,0,0,0,1.05,0,0,0,0,0,0,0,0,0,0,0,0,0,1,0
1,26,29,1,3,77,4,2,0,0,4,0,1,1,1,6.7,0,48.1,24.25,38.3,140.95,0,1132.8,610,910.1,1,1,0,1,1,1,1,1,1,4,1
3,6,30,0,7,16,3,1,0,1,1,0,1,0,1,3.75,0,33.8,0,18.7,25.65,0,175.3,0,78.2,1,0,1,1,0,1,0,0,0,2,1
1,68,52,1,17,120,1,24,0,0,2,0,0,1,0,20.7,0,0,22,0,1391.05,0,0,1505,0,0,0,0,0,0,0,1,0,0,1,0
3,53,33,0,10,101,5,4,0,1,2,0,1,1,1,5.3,0,49.6,26.75,51.4,253.35,0,2499.8,1340,2645.15,1,1,0,1,0,1,1,1,1,4,0
3,55,48,1,19,67,1,25,0,0,3,0,0,1,0,15.05,0,0,27.25,0,810.45,0,0,1390,0,0,0,0,0,0,0,0,0,0,1,0
3,14,43,1,18,36,1,5,0,0,5,1,0,1,0,12.5,19.75,0,18,0,153.75,273.75,0,215,0,0,0,0,0,1,1,1,1,0,3,0
2,1,21,0,0,33,2,0,0,1,3,1,0,1,0,2.2,20.75,0,40.5,0,2.2,20.75,0,40.5,0,0,0,0,0,0,1,1,1,0,3,0
2,42,40,0,7,37,2,8,0,1,1,1,1,1,1,8.25,23.5,36.9,28,37.4,399.15,950.65,1532.9,1190,1562,1,1,0,1,1,1,0,1,1,4,0
3,25,33,1,11,31,1,5,0,0,4,0,0,0,0,9.1,0,0,0,0,234.95,0,0,0,0,1,0,0,0,1,0,1,0,0,3,0
1,9,21,1,1,17,2,2,0,1,3,0,0,0,0,2.9,0,0,0,0,25.25,0,0,0,0,0,0,0,0,1,0,0,0,0,1,0
2,13,33,1,9,19,4,0,0,1,2,0,1,0,0,5.55,0,27.35,0,0,75.25,0,330.65,0,0,1,0,0,1,0,0,0,1,1,2,0
1,56,37,1,6,36,1,13,0,1,2,0,1,1,0,10.6,0,31.1,18.25,0,582.6,0,1756.35,1005,0,1,0,0,1,0,0,0,0,1,2,0
1,71,53,1,27,155,5,12,0,0,2,1,0,1,1,21,56,0,34,49.95,1519.2,4064.3,0,2345,3646.9,1,1,0,1,0,0,1,1,1,4,0
1,35,50,1,26,140,2,21,0,1,4,1,0,1,0,6.5,27.5,0,35,0,247.55,1068.25,0,1215,0,0,0,0,0,0,1,1,1,0,3,0
1,11,27,1,8,55,5,0,0,0,3,0,1,0,0,4.8,0,19.55,0,0,54.1,0,220.4,0,0,1,0,0,1,0,0,0,0,0,2,0
2,60,46,1,13,163,3,24,0,0,2,1,1,1,1,33.9,38.25,44.65,13.75,55.25,1947.95,2326.35,2645.85,840,3125.95,1,1,1,1,0,1,1,1,1,4,0
3,20,35,1,11,52,4,0,0,0,2,0,1,0,0,4.25,0,30.55,0,0,82.7,0,547.15,0,0,1,0,0,1,0,0,0,0,1,2,1
2,54,60,0,38,211,4,25,0,0,1,1,1,1,1,21.15,39.25,46.35,54.25,54.85,1228.7,2102.25,2421.3,2785,2895.85,1,1,1,1,1,0,0,1,1,4,0
1,44,57,1,1,186,2,17,0,0,2,1,0,1,1,9.8,33.5,0,36,41.65,428.25,1379.55,0,1535,1826.7,1,1,0,0,1,1,1,1,0,3,0
1,11,41,1,0,39,1,1,0,1,2,1,0,1,0,6.55,29.25,0,19.75,0,67.8,303.65,0,200,0,0,1,0,0,1,1,1,1,0,3,1
2,72,57,0,34,22,2,35,1,1,1,1,0,1,0,41.75,49,0,18.75,0,3043.05,3581,0,1360,0,1,0,0,0,1,1,1,1,0,3,0
3,10,41,0,7,30,1,7,0,0,1,1,0,1,0,2.5,19.25,0,53.75,0,31.25,178.2,0,490,0,0,0,0,0,1,1,1,1,0,3,0
2,15,28,0,0,29,2,4,0,1,1,1,0,1,0,4.25,30,0,17.75,0,78,426.05,0,255,0,0,0,0,0,1,1,1,1,0,3,0
2,27,28,1,4,23,2,8,0,0,5,0,0,0,0,6.2,0,0,0,0,180.15,0,0,0,0,0,0,0,0,1,0,0,0,0,1,0
1,9,36,1,14,62,4,10,0,0,6,0,1,0,1,5.65,0,46.75,0,48.5,43.3,0,386.6,0,364.85,1,1,1,1,0,0,0,1,1,4,1
1,64,43,1,20,76,4,20,0,1,4,1,0,1,0,14.7,18.75,0,11,0,897.05,1279.25,0,680,0,1,0,0,0,1,1,0,1,0,3,0
1,65,41,1,3,74,4,16,0,0,2,0,1,1,0,14.5,0,37,17,0,963.3,0,2263.05,1065,0,1,1,0,1,0,0,0,0,1,2,0
1,49,51,1,27,63,4,19,0,0,5,1,0,1,0,12.85,25.75,0,14.25,0,585.6,1278.45,0,635,0,1,0,0,1,0,1,0,0,1,2,0
3,47,41,1,0,36,4,8,0,0,2,0,1,1,1,7.75,0,37.45,18.5,38.8,361,0,1717.75,845,1730.4,1,0,1,1,0,1,0,1,1,4,1
3,9,34,1,9,33,2,8,0,1,4,0,1,0,0,2.95,0,22.95,0,0,18.9,0,208.55,0,0,0,0,0,0,0,0,0,0,0,1,1
1,5,36,0,14,29,2,9,0,1,1,1,0,1,1,3.25,31.5,0,15.5,26.75,16.8,154.65,0,60,98.6,0,0,0,1,1,1,1,1,1,3,1
2,30,34,1,4,27,2,1,0,0,5,0,1,0,0,6.3,0,22.5,0,0,150.9,0,690.75,0,0,0,0,0,1,0,0,0,0,0,1,1
1,56,52,1,28,49,2,12,0,0,4,0,0,1,0,24.75,0,0,22.25,0,1349.05,0,0,1215,0,1,0,0,0,0,0,0,0,0,2,0
3,10,22,0,0,24,4,0,0,0,1,1,1,1,1,7.8,23.75,37.25,22.5,30.05,63,222.55,330.4,185,306.3,1,1,1,1,1,1,1,1,1,4,0
1,7,26,1,3,26,2,2,0,0,5,1,0,0,0,4.85,15.5,0,0,0,33.7,136.55,0,0,0,0,0,0,0,0,1,0,0,0,1,0
1,52,27,0,6,47,3,5,0,0,2,1,0,1,0,6.25,18.5,0,14.25,0,330.4,942.65,0,725,0,0,0,0,0,1,0,0,0,1,1,0
2,36,45,1,1,94,2,18,0,1,5,1,1,0,0,7.2,15.75,28.35,0,0,258.75,553.8,1043.8,0,0,0,0,1,1,1,0,0,1,0,1,1
3,27,34,0,8,21,3,4,0,1,1,0,0,0,0,7.65,0,0,0,0,213.45,0,0,0,0,1,0,0,0,0,0,0,0,0,2,0
1,58,62,1,36,27,1,0,0,0,2,0,0,1,0,15.5,0,0,34.5,0,967.1,0,0,1910,0,0,0,0,0,0,0,0,0,0,1,0
2,41,52,0,27,30,2,2,0,1,1,1,0,1,1,10.4,28,0,19,27.5,447.85,1152,0,800,1036.65,0,0,0,0,1,1,1,1,0,3,0
2,47,40,1,16,127,4,12,0,1,4,0,1,1,0,19.7,0,28.15,14.75,0,909.9,0,1319.7,680,0,1,0,0,1,0,0,0,0,1,2,0
2,55,39,1,15,137,2,20,0,1,2,1,0,1,0,12.7,27.5,0,11.5,0,676.9,1505.2,0,620,0,0,1,0,0,1,1,1,1,0,3,1
2,56,50,1,1,80,2,24,0,1,4,1,0,1,1,28.8,55.5,0,21.25,61.1,1558.1,3119.45,0,1065,3268.05,1,1,1,0,1,1,1,1,0,4,0
3,35,55,0,24,30,2,2,0,0,1,0,0,1,0,10.25,0,0,15.75,0,395.85,0,0,550,0,0,0,0,0,0,0,0,0,0,1,0
2,69,51,1,11,438,4,23,0,1,2,0,1,1,0,29,0,47.05,24.75,0,1815.4,0,3064.15,1655,0,1,0,1,1,1,0,0,1,0,4,0
2,44,39,0,16,79,2,16,0,0,1,1,1,1,1,15.25,24.5,37.45,27.25,30.05,653.7,1037.45,1610.1,1110,1280,1,0,1,1,1,1,1,1,1,4,1
3,36,47,1,16,63,1,23,0,0,2,0,0,1,0,9.05,0,0,6.75,0,373.65,0,0,220,0,0,0,0,0,0,0,0,0,0,1,0
3,28,51,1,22,40,3,10,0,1,6,1,0,0,0,8.95,21.25,0,0,0,253.55,586.95,0,0,0,0,0,0,0,1,1,1,1,0,3,0
1,72,67,1,44,51,1,34,1,0,2,1,0,1,0,57.05,51.5,0,19.25,0,4168.25,3657.9,0,1345,0,1,0,0,0,1,1,1,1,0,3,0
1,16,27,0,5,37,3,5,0,0,4,0,0,0,0,6,0,0,0,0,80.7,0,0,0,0,0,0,0,0,0,0,0,0,0,1,0
3,3,43,0,19,61,4,11,0,1,1,0,1,1,1,3.15,0,27.25,16.25,17.95,7.9,0,53.25,20,38.2,0,0,0,1,1,0,0,1,1,1,1
1,40,57,1,15,22,2,9,0,0,2,0,0,1,0,8.55,0,0,19.75,0,381.5,0,0,710,0,0,0,0,0,0,0,0,0,0,1,0
3,16,39,0,6,44,4,3,0,1,1,0,1,0,0,6.6,0,23.3,0,0,96.3,0,350.15,0,0,1,0,0,1,0,0,0,0,1,2,0
1,20,42,0,4,17,3,5,0,0,1,0,0,0,0,7.8,0,0,0,0,175.85,0,0,0,0,0,0,0,0,0,0,0,0,0,1,0
2,48,43,0,13,110,5,15,0,1,3,0,1,0,1,7.25,0,33.5,0,20.65,359.35,0,1572.7,0,1010.4,1,1,0,1,0,0,0,0,1,2,0
2,64,48,1,13,91,2,24,0,0,2,1,0,1,1,24.5,24.75,0,12.5,29.65,1531.9,1569.25,0,780,1875.95,1,0,0,0,1,1,1,1,0,3,0
1,8,46,0,3,46,2,8,0,0,1,0,1,0,0,3.15,0,25.05,0,0,16.65,0,172.05,0,0,0,0,1,1,0,0,0,0,1,1,0
1,40,38,1,10,85,3,12,0,0,2,0,0,0,0,10.6,0,0,0,0,384.8,0,0,0,0,0,0,0,0,1,1,1,1,0,3,1
2,38,71,0,27,10,2,12,1,0,1,0,0,0,0,11.2,0,0,0,0,429.85,0,0,0,0,0,0,0,0,0,0,0,1,0,1,0
1,67,68,0,28,244,1,47,0,1,1,1,0,1,0,30.25,30.25,0,30.75,0,2186.2,2036.15,0,2105,0,0,1,0,0,1,1,1,1,0,3,0
1,26,42,0,0,80,4,15,0,1,1,1,1,1,1,7.85,44,49.6,10.5,43.75,196.65,1123.25,1159.35,250,1176.55,1,1,1,1,1,1,1,1,1,4,0
3,41,34,1,15,83,5,1,0,1,2,1,0,1,0,8.9,33.75,0,5.75,0,379.55,1404.45,0,220,0,1,1,1,1,1,1,1,1,0,4,0
2,2,31,0,2,21,1,6,0,0,1,0,1,0,0,1.65,0,21.6,0,0,3.2,0,17.25,0,0,0,0,0,0,0,0,0,1,0,1,1
3,20,48,1,29,24,2,3,0,0,2,1,0,1,0,11.85,22.5,0,35,0,230.7,452.75,0,675,0,1,1,1,0,1,1,1,1,0,4,1
2,31,53,0,2,351,3,31,0,1,1,1,0,1,0,5.5,31.5,0,19.25,0,185.3,1009.9,0,585,0,0,0,1,0,1,1,1,1,0,3,0
2,45,52,1,4,169,4,29,0,1,4,0,1,1,0,14.65,0,40.45,14.25,0,618.15,0,1820.4,690,0,1,0,0,1,0,0,0,0,0,2,0
2,33,27,1,7,46,2,7,0,0,4,0,1,0,0,7.25,0,29.15,0,0,243.35,0,923.85,0,0,0,0,0,0,0,0,0,0,1,1,0
1,10,26,0,6,34,3,3,0,0,1,0,1,0,0,4.85,0,27.7,0,0,41.85,0,223.05,0,0,1,0,0,0,0,0,0,0,0,2,0
2,62,54,1,2,50,4,3,0,0,2,0,1,1,1,17.25,0,48,87.5,33.25,1067.8,0,2864.15,5455,2022.55,1,1,1,1,1,0,1,0,1,4,1
2,4,35,0,16,161,5,6,0,1,1,1,1,0,1,3.4,23.75,49.8,0,35.75,10.35,103.1,126.95,0,135.25,0,1,1,1,1,1,1,1,1,4,1
1,42,47,1,17,212,4,17,0,0,2,1,0,1,0,7.45,26.75,0,24.75,0,320.9,1163.55,0,1035,0,0,0,0,0,1,1,1,0,0,3,0
3,27,51,1,3,80,5,11,0,0,3,0,1,0,0,7.1,0,39.4,0,0,176.2,0,1086.65,0,0,1,0,1,1,0,0,0,0,1,2,0
2,38,42,0,1,30,4,7,0,1,1,1,0,0,0,13.2,27.5,0,0,0,495.85,1087.9,0,0,0,0,0,0,0,0,1,0,0,0,1,0
3,52,61,1,3,53,5,1,0,1,2,0,1,1,1,12.25,0,38.4,8.75,35.95,631.7,0,1884.1,465,1971.35,1,1,0,1,0,0,0,1,1,2,0
3,35,33,0,9,73,5,4,0,1,1,1,0,1,1,5.85,38.25,0,22.25,40.35,216.6,1337.6,0,700,1423.8,1,1,1,1,1,1,1,1,1,4,0
3,3,20,1,1,17,2,0,0,1,4,0,0,0,0,3.75,0,0,0,0,12.3,0,0,0,0,0,0,0,0,0,0,0,0,1,1,1
2,17,33,0,9,23,5,3,0,0,1,0,1,1,1,10.2,0,36.4,14.5,30.9,196.3,0,570.9,220,529.25,1,1,0,1,1,1,0,0,1,4,1
1,55,53,1,21,34,1,8,0,0,2,0,0,0,0,5.7,0,0,0,0,304.4,0,0,0,0,0,0,0,0,0,1,1,1,0,3,0
3,43,36,1,5,107,1,19,0,1,3,1,0,1,0,11.55,12.75,0,21.5,0,491.55,583.75,0,910,0,1,0,0,0,0,0,0,0,0,2,1
2,47,25,1,5,21,1,1,0,1,2,1,0,1,0,8.65,30.5,0,9,0,426.6,1465.45,0,405,0,0,0,0,0,0,1,1,1,0,3,1
3,65,58,0,30,83,2,16,0,1,1,0,0,1,0,19.3,0,0,22.75,0,1323.2,0,0,1370,0,1,0,0,0,0,1,0,0,0,2,0
1,13,20,0,1,17,3,0,0,0,5,0,1,1,0,3.05,0,31.3,14,0,40.3,0,390.6,155,0,1,0,0,1,1,1,1,1,1,4,0
3,64,25,1,4,76,3,2,0,1,6,0,1,1,0,24.05,0,35.4,21.25,0,1536.55,0,2288.45,1400,0,1,0,0,0,1,0,1,1,1,3,0
2,12,24,0,2,19,1,0,0,0,1,1,0,1,0,4,24.75,0,27.25,0,46,299,0,295,0,0,0,0,0,1,1,1,1,0,3,1
1,29,32,1,0,49,4,3,0,1,3,0,1,0,0,6.7,0,33,0,0,187,0,918.25,0,0,1,0,1,1,0,0,0,0,1,2,1
2,23,47,0,21,173,3,22,0,1,1,0,0,0,0,7.6,0,0,0,0,145.9,0,0,0,0,1,0,0,0,1,0,0,1,1,2,0
2,14,35,0,4,47,3,10,0,1,1,1,0,0,1,5,21.75,0,0,24.15,76.2,318.2,0,0,274,1,0,0,0,0,0,1,1,1,2,1
1,35,61,0,23,41,2,11,0,0,1,0,0,1,0,9.6,0,0,9.5,0,353.55,0,0,295,0,0,0,0,0,0,0,0,0,0,1,0
3,26,39,0,8,105,3,13,0,1,1,1,0,1,1,6.6,39.75,0,37.25,38.25,159.7,1022.45,0,1005,885.1,1,1,1,0,1,1,1,1,1,4,0
1,13,54,0,2,31,4,2,0,0,1,0,0,0,0,5.85,0,0,0,0,97,0,0,0,0,0,1,0,1,0,0,0,0,1,1,0
2,69,40,1,13,41,2,17,0,0,3,0,0,1,0,25.25,0,0,33,0,1725.1,0,0,2320,0,1,0,0,0,0,0,0,0,0,2,0
3,61,50,1,30,102,4,9,0,1,3,0,0,1,0,12.6,0,0,12.5,0,760.3,0,0,745,0,1,0,0,1,0,0,0,0,1,2,0
2,45,22,1,2,36,4,0,0,1,5,1,1,0,0,9.95,14.75,26.15,0,0,412.1,663.1,1180.5,0,0,1,0,0,0,0,0,0,0,0,2,1
2,3,37,0,13,24,1,3,0,1,1,0,0,0,0,2,0,0,0,0,3.05,0,0,0,0,0,1,0,0,0,0,0,1,1,1,0
2,53,22,0,1,25,4,0,0,0,2,0,1,1,0,12.05,0,27.15,6.5,0,666,0,1469.25,335,0,1,0,0,1,0,0,0,0,1,2,0
1,59,42,0,1,68,2,21,0,1,1,1,0,1,0,17.3,21.25,0,19.25,0,997.85,1183.55,0,1160,0,1,0,0,0,1,1,1,1,0,3,0
1,13,34,0,11,20,3,0,0,1,1,0,0,0,0,4.8,0,0,0,0,71.05,0,0,0,0,0,0,0,1,0,0,0,0,0,1,0
3,31,31,0,4,48,1,15,0,0,1,0,0,0,0,3.8,0,0,0,0,127.7,0,0,0,0,0,0,0,0,0,1,1,1,0,3,0
1,40,29,1,6,40,2,8,0,1,5,0,0,0,0,13,0,0,0,0,502.95,0,0,0,0,0,0,0,0,0,1,1,1,0,3,0
1,48,55,0,15,79,1,25,0,0,1,0,0,1,0,13.8,0,0,25.5,0,668.65,0,0,1140,0,0,0,0,0,1,1,1,1,0,3,0
3,3,31,0,1,28,1,0,0,0,1,1,1,1,0,3.45,15.5,23.3,23.5,0,13.3,48.75,62.95,45,0,0,0,0,1,0,0,1,0,0,1,1
2,51,48,0,12,64,2,22,0,1,1,0,0,1,0,14.8,0,0,17,0,708.45,0,0,820,0,0,0,0,0,0,0,0,0,0,1,0
3,33,41,0,15,37,2,11,0,0,1,0,0,0,0,12.2,0,0,0,0,415.05,0,0,0,0,0,0,0,0,0,0,0,0,0,1,0
3,14,47,1,7,48,1,13,0,0,2,1,0,0,0,4.25,11,0,0,0,55.5,126.45,0,0,0,0,0,0,0,0,0,0,1,0,1,0
1,17,42,1,6,131,5,6,0,0,3,0,1,0,1,5.8,0,35.35,0,21.65,103.1,0,527.8,0,331.4,1,0,0,1,0,0,0,0,1,2,1
3,19,29,1,9,18,2,2,0,0,3,0,0,0,0,5.4,0,0,0,0,108.5,0,0,0,0,0,0,0,1,0,0,1,0,1,1,1
2,58,36,0,10,38,2,14,0,1,1,0,0,1,0,10.15,0,0,17.75,0,538.65,0,0,1030,0,1,0,0,0,0,0,0,0,0,2,0
3,22,23,0,3,37,2,4,0,1,3,0,1,1,1,5.35,0,28.1,9,24.7,144.05,0,602.2,200,503.5,0,1,0,1,1,0,0,1,1,4,0
2,29,31,1,1,60,4,6,0,0,5,0,1,0,0,9.6,0,26.75,0,0,243.9,0,730.8,0,0,1,0,0,1,0,0,0,0,1,2,1
3,14,22,1,2,13,3,0,0,1,4,0,1,0,0,9.45,0,26.85,0,0,117.55,0,364.1,0,0,1,0,0,1,0,0,0,0,0,2,1
2,70,64,1,18,98,1,31,0,1,2,1,0,1,1,26.15,84,0,11.25,45.45,1805.1,5850.25,0,720,3243.25,1,1,1,0,1,1,1,1,0,4,0
1,62,52,1,2,195,1,23,0,0,2,1,0,1,1,23.15,36.75,0,36,34.3,1420.95,2308.25,0,2205,2082.8,1,0,0,0,0,0,1,1,0,3,1
2,7,35,1,0,47,1,14,0,0,5,0,0,0,0,5.2,0,0,0,0,46.9,0,0,0,0,0,0,0,0,0,0,0,0,0,1,1
1,56,47,1,19,65,2,22,0,0,3,1,0,1,1,12.4,48.75,0,36.5,58.4,744.45,2695.95,0,2070,3084.2,0,1,1,0,1,1,1,1,0,4,0
1,50,50,1,22,150,5,5,0,1,4,0,1,1,0,19.3,0,33.4,50.75,0,930.8,0,1719.4,2585,0,1,1,0,1,0,0,1,0,1,2,1
2,57,39,0,6,106,5,8,0,0,1,1,1,1,1,9.05,24.25,41.85,12.25,39.6,568.15,1486.35,2291.35,740,2183.95,1,0,1,0,1,1,1,1,0,3,0
3,2,40,0,19,51,4,14,0,1,1,0,0,0,0,4.25,0,0,0,0,6.8,0,0,0,0,0,1,0,1,0,0,0,0,1,1,0
2,40,38,0,17,96,4,0,0,1,1,0,0,0,0,9.3,0,0,0,0,316.05,0,0,0,0,0,0,0,0,0,0,0,0,0,1,0
2,6,43,0,4,33,5,7,0,0,2,0,0,1,1,4.25,0,0,16.25,26.75,30,0,0,85,146.55,1,0,1,0,1,1,1,1,0,3,0
3,23,25,1,6,38,2,1,0,1,3,1,1,1,0,13.9,23.25,28.5,3.75,0,255,574.85,621.25,65,0,1,0,1,0,0,1,1,0,0,3,0
3,11,32,0,6,125,4,5,0,0,1,1,1,1,1,3.8,19.25,61.45,19,58.25,31.75,233.4,578.6,200,577.7,1,1,1,1,1,1,1,1,1,4,1
1,29,37,1,13,145,5,0,0,1,4,1,1,1,1,8.6,24,41.15,17.75,28,241.45,713.45,1201.4,495,722.8,0,1,1,1,1,1,1,1,0,4,0
1,42,44,1,2,99,2,21,0,0,3,1,0,1,0,22.05,34.75,0,9.75,0,841.55,1501.55,0,395,0,1,0,0,0,0,1,0,1,0,3,0
1,20,34,1,2,22,4,0,0,1,3,1,1,1,1,4.85,18.25,35.05,34.75,31.65,75.45,338.55,731.05,635,570.65,0,0,1,1,1,1,1,1,1,4,0
2,72,60,1,21,31,1,38,1,0,2,0,0,1,0,32.25,0,0,33.5,0,2349.25,0,0,2385,0,1,0,0,0,0,0,0,0,0,2,0
1,2,36,0,3,25,1,6,0,1,1,1,1,1,1,1.9,15.75,28.7,5,24.15,3.6,23.05,29.05,5,20.95,0,0,1,0,1,1,1,1,0,3,0
3,46,25,0,5,57,5,0,0,1,2,1,1,1,1,20.25,21.25,39.4,9.75,28.35,923.95,968.95,1748.55,445,1246.45,0,0,0,1,0,0,1,1,1,1,0
2,39,51,1,21,41,5,20,0,0,6,1,1,1,1,12.1,20.5,54.3,9.75,35.35,492.8,910.25,2059.7,330,1301.1,1,1,1,1,1,1,1,1,1,4,0
3,24,25,1,1,20,3,1,0,1,2,0,1,0,0,8.15,0,27.95,0,0,209.35,0,615.8,0,0,1,0,0,1,1,0,1,0,0,2,1
3,59,43,1,4,101,2,22,0,1,5,0,0,1,0,13.65,0,0,20.75,0,817.65,0,0,1195,0,1,0,0,0,0,0,0,1,0,2,0
1,65,37,0,8,56,2,15,0,0,1,0,0,1,0,10.25,0,0,10.75,0,681.95,0,0,655,0,1,0,0,0,0,0,0,0,0,2,0
2,50,27,1,5,22,2,5,0,1,3,0,0,1,0,17.2,0,0,13.25,0,893.3,0,0,750,0,0,0,0,0,0,0,0,0,0,1,0
1,57,37,0,11,108,4,9,0,1,1,1,1,1,0,21.8,27.25,42,8,0,1292,1492.1,2394.75,425,0,1,0,0,1,1,1,0,1,0,3,0
3,61,48,0,14,115,4,20,0,1,1,1,1,1,1,12.8,16,39.2,17.25,31,785.7,953.95,2410.1,1015,1799.15,1,1,1,1,1,0,1,1,1,4,0
3,34,54,0,31,53,4,22,0,0,1,1,1,1,1,8.1,18,45.6,56.5,66.9,225.4,588.4,1463.8,1880,2304.8,1,1,1,1,0,0,1,0,1,4,0
3,38,53,0,13,242,4,12,0,0,1,1,1,1,1,8.95,37.75,54.1,28.5,50.75,396.35,1556.4,1979.1,1020,1934.9,1,1,1,0,1,1,1,1,1,4,0
1,3,24,1,2,20,2,3,0,1,5,1,0,1,0,3.35,22.5,0,9.25,0,7.55,49.55,0,15,0,0,1,0,1,1,1,0,1,0,3,0
2,4,47,0,5,123,4,11,0,0,1,0,1,1,0,2.5,0,25.3,13.75,0,9.25,0,99.5,40,0,0,0,0,1,0,0,1,0,1,1,0
2,15,35,0,0,34,1,12,0,0,1,0,0,0,0,3.95,0,0,0,0,47.95,0,0,0,0,0,0,0,0,0,0,0,0,0,1,0
1,25,29,1,8,31,4,3,0,1,5,0,1,0,0,12.95,0,33.05,0,0,348.9,0,832.85,0,0,1,0,0,1,0,0,0,0,1,2,1
3,21,44,0,25,47,1,12,0,1,2,0,0,1,0,7.05,0,0,14.5,0,182.3,0,0,285,0,0,0,0,0,1,1,1,1,0,3,0
3,50,37,1,11,48,3,8,0,1,2,1,0,1,0,12.9,27.75,0,8.75,0,669.75,1445.15,0,445,0,0,0,0,0,1,1,1,1,0,3,0
2,65,64,1,22,13,2,5,1,1,3,1,0,1,0,14.6,33,0,15.75,0,921.7,1990.2,0,930,0,0,0,0,0,1,1,1,1,0,3,0
2,59,52,1,18,78,1,25,0,0,2,0,0,0,0,18.6,0,0,0,0,1179.05,0,0,0,0,0,0,0,0,0,0,0,0,0,1,0
3,29,26,0,7,34,1,7,0,1,2,0,0,1,0,6.5,0,0,16,0,198.7,0,0,490,0,0,0,0,0,1,1,0,0,0,3,0
1,60,46,0,17,81,5,9,0,1,1,0,1,1,0,17.45,0,39.25,10.25,0,1067,0,2331.65,610,0,1,0,0,1,0,0,0,0,1,2,0
1,71,45,1,14,86,2,25,0,0,2,0,1,1,0,45.05,0,33,35,0,3235.9,0,2386.45,2495,0,1,0,0,1,0,0,0,0,0,2,0
3,38,27,1,0,26,4,2,0,0,4,0,1,1,1,12.2,0,38.75,9.25,28.05,477.5,0,1429.95,365,1111,0,1,1,1,1,1,1,0,1,4,1
3,16,34,1,5,51,2,8,0,1,5,0,0,1,0,4.7,0,0,16.5,0,61.5,0,0,260,0,0,0,0,0,0,0,0,0,0,1,0
3,7,31,0,10,59,3,10,0,0,1,0,1,0,0,2.45,0,29.8,0,0,16.35,0,170.2,0,0,0,1,0,0,0,1,0,0,1,1,0
1,59,53,0,21,112,4,16,0,0,1,0,1,0,1,21.1,0,38.55,0,25.3,1236.3,0,2190.1,0,1465.35,1,0,0,1,0,0,0,0,1,2,1
2,22,56,1,14,57,4,28,0,0,2,1,1,1,1,6.2,18.25,36.65,10.5,28.8,135.2,417.55,748.3,250,649.6,1,1,1,1,1,1,1,1,0,4,0
1,18,48,1,20,41,1,2,0,1,2,1,0,1,0,4.35,13,0,8,0,59.15,220.95,0,135,0,0,0,0,0,1,1,0,0,0,1,0
2,64,46,1,19,168,2,26,0,1,2,1,1,1,1,14.2,71,73.8,38.75,62.45,928.8,4667.75,4758.05,2460,3704.05,1,1,1,1,1,1,1,1,1,4,0
2,7,33,0,4,29,4,4,0,1,3,0,1,0,0,4.65,0,28.35,0,0,35.45,0,166.5,0,0,0,0,0,1,0,0,0,0,1,1,1
3,65,58,0,13,167,2,14,0,1,2,0,0,1,0,24.3,0,0,17.25,0,1642.35,0,0,1110,0,1,0,0,0,0,0,0,0,0,2,0
3,7,24,0,5,29,2,3,0,0,3,1,0,0,0,4.45,13.5,0,0,0,43.7,109.5,0,0,0,0,0,1,1,0,0,0,1,0,1,1
1,64,55,0,28,104,1,26,0,1,1,0,0,1,0,15,0,0,39.25,0,960.95,0,0,2360,0,0,0,0,0,1,0,0,1,0,3,0
3,42,22,1,0,46,4,0,0,0,2,1,1,1,1,9.35,20.25,51.35,6,36,311.85,850.65,2099.55,270,1503.65,1,1,1,1,0,1,1,0,0,4,1
3,33,26,0,5,46,4,1,0,1,3,1,1,1,1,11,17.5,40.9,6,32.05,350.05,593.1,1347.7,185,1009.5,0,0,1,1,1,1,1,1,1,4,0
1,3,33,0,8,51,4,0,0,1,1,0,1,0,0,2.9,0,19.9,0,0,12.05,0,40.15,0,0,0,0,0,0,0,0,0,0,0,1,1
2,69,42,1,11,65,2,18,0,0,2,1,1,1,1,14.2,30.5,64.2,31.5,66.55,1007.5,2082.75,4167.7,2125,4399.6,1,1,1,1,1,1,1,1,1,4,0
2,9,33,0,1,48,2,13,0,0,2,1,0,1,0,3.15,13.25,0,30.5,0,39.75,110.05,0,275,0,0,0,0,0,1,1,0,0,0,1,0
3,22,34,1,1,46,3,1,0,0,4,0,1,0,0,7.1,0,23.4,0,0,125.05,0,484.1,0,0,1,0,0,1,0,0,0,0,0,2,0
2,53,63,1,15,43,2,18,0,0,2,0,1,1,0,14.85,0,37,11,0,808.95,0,2012.6,535,0,1,0,0,1,0,0,0,0,1,2,0
3,71,53,0,30,110,1,34,0,0,1,0,0,1,0,17.45,0,0,14.75,0,1249.8,0,0,1100,0,1,0,0,0,0,0,0,0,0,2,0
3,24,26,0,2,32,3,2,0,0,3,0,0,0,0,4.25,0,0,0,0,97.35,0,0,0,0,0,0,0,0,0,0,0,0,1,1,0
3,12,22,1,1,18,3,0,0,1,2,0,0,0,0,4.65,0,0,0,0,57.7,0,0,0,0,0,0,0,1,0,0,0,0,1,1,0
1,25,39,1,1,26,4,0,0,0,4,0,1,1,1,14.45,0,35.95,23,24.75,349.9,0,895.05,515,640.8,1,1,1,1,0,0,0,0,1,2,1
3,63,28,1,9,34,2,10,0,1,6,1,0,1,1,15,40,0,17.5,45.1,934.05,2465.4,0,1120,2770.35,1,1,0,0,1,1,1,1,0,3,0
1,33,54,1,18,57,4,4,0,1,3,1,1,0,0,7.5,30.25,33.9,0,0,226.25,1105.75,1108.5,0,0,1,0,0,1,1,1,1,0,0,3,1
2,57,54,1,20,21,2,0,0,1,3,0,0,1,0,10.6,0,0,17,0,565.55,0,0,930,0,0,0,0,0,0,0,0,0,0,1,0
3,13,33,0,7,38,3,10,0,1,1,1,1,1,1,5.05,18.5,40.8,12.5,28.85,48.6,199.5,480.85,155,318.9,0,1,1,1,0,1,1,1,1,4,0
1,13,21,0,2,19,3,0,0,1,1,0,1,1,0,7.9,0,25.2,5,0,98.35,0,311.65,40,0,1,0,0,1,0,0,0,0,0,2,1
1,71,39,0,2,40,3,17,0,0,1,1,0,1,0,36.25,27.75,0,38.5,0,2553.7,1916.25,0,2620,0,1,1,0,0,0,1,0,1,0,3,0
3,18,69,1,11,58,3,8,0,0,2,1,1,1,1,6.35,27.25,53.95,11.75,63,118.05,454.05,896.8,175,1049.95,1,1,1,1,1,1,1,1,1,4,0
1,17,51,1,10,95,2,15,0,1,2,0,0,0,0,7.45,0,0,0,0,132.9,0,0,0,0,0,0,0,0,0,0,0,0,0,1,1
2,22,43,0,4,114,2,19,0,0,1,0,1,0,0,9.25,0,22.7,0,0,202.8,0,428.7,0,0,0,0,0,0,0,0,0,0,0,1,0
2,65,65,1,27,128,3,24,0,0,2,1,0,1,0,21.2,24,0,14.5,0,1325.05,1483.55,0,940,0,1,0,0,0,1,1,1,1,0,3,0
3,7,40,0,9,33,4,2,0,1,1,0,0,0,0,2.8,0,0,0,0,16.85,0,0,0,0,0,0,0,1,0,0,0,0,1,1,0
3,72,66,0,30,460,4,41,0,1,1,0,1,1,0,89.4,0,46.55,18.75,0,6353.9,0,3411.2,1245,0,1,1,1,1,0,0,1,1,0,4,0
1,35,43,0,12,224,3,17,0,0,1,0,0,1,0,7.7,0,0,9.5,0,271.55,0,0,330,0,0,0,0,0,0,0,0,0,0,1,0
1,24,39,0,2,122,4,12,0,0,3,1,0,1,1,4.45,26.25,0,9.75,35.9,98.35,625.95,0,210,844.95,0,0,1,1,1,1,1,1,0,4,0
1,64,24,1,0,23,3,1,0,1,5,0,1,0,0,7,0,35.55,0,0,394.6,0,2182.4,0,0,1,0,0,1,0,1,0,1,0,2,0
2,63,63,1,19,191,3,27,0,0,2,0,0,1,0,12.7,0,0,7,0,782.45,0,0,435,0,1,0,0,0,0,0,0,0,0,2,0
1,38,31,1,7,187,4,6,0,0,3,1,0,1,1,12.65,21.25,0,34,47.85,448.75,834,0,1165,1801.75,0,1,1,0,1,1,1,1,0,4,1
2,29,37,1,9,119,3,12,0,0,3,0,0,0,0,4.6,0,0,0,0,138.7,0,0,0,0,0,0,0,0,0,0,0,0,0,1,0
1,72,69,1,49,44,2,44,1,1,2,0,0,1,0,99.95,0,0,12.5,0,7257.6,0,0,875,0,1,0,0,0,0,1,0,1,0,3,0
1,10,27,1,2,15,3,2,0,1,2,1,1,1,1,7.5,12.75,48.65,7.5,39.5,66.45,154.9,442.15,60,377.35,1,1,1,1,1,1,1,1,1,4,1
3,72,64,0,41,674,4,37,0,1,1,1,0,1,1,49.6,32.75,0,48.75,60.15,3535.8,2378.15,0,3465,4366.2,1,1,0,0,1,1,1,1,0,3,0
3,52,23,1,4,33,4,0,0,1,2,1,0,1,0,13.1,18.25,0,18.75,0,757.8,945.15,0,920,0,1,0,0,0,1,1,1,1,0,3,0
3,13,55,0,3,250,2,35,0,1,2,0,0,0,0,4.1,0,0,0,0,50.1,0,0,0,0,0,0,0,0,0,0,0,0,0,1,0
1,3,33,0,6,64,4,0,0,0,2,0,1,0,0,2.15,0,20.75,0,0,6,0,53.1,0,0,0,0,0,0,0,0,0,0,1,1,1
3,39,24,1,2,26,2,4,0,0,4,0,0,1,0,10.4,0,0,12.5,0,403.5,0,0,480,0,0,0,0,0,0,0,0,0,1,1,1
2,28,29,0,4,23,3,5,0,0,2,0,0,0,0,3.7,0,0,0,0,91.95,0,0,0,0,1,0,0,1,0,0,1,1,1,2,0
2,46,42,0,9,52,4,7,0,0,3,0,0,1,0,14.25,0,0,21,0,611.65,0,0,985,0,1,0,0,0,0,0,0,0,0,2,0
2,62,46,0,27,200,3,9,0,1,1,0,0,1,0,26.25,0,0,74,0,1625.35,0,0,4590,0,0,0,0,0,0,0,0,0,0,1,0
2,23,33,1,7,28,1,4,0,0,2,0,0,1,0,6.9,0,0,14,0,177.4,0,0,340,0,0,0,0,0,1,1,1,0,0,3,0
3,23,25,1,5,19,5,0,0,0,3,1,1,0,0,6.95,25,36.7,0,0,157.1,562.2,829.1,0,0,1,1,0,1,0,1,1,0,1,4,1
2,72,61,1,39,76,3,21,0,0,2,1,1,1,1,54.8,67.25,51.35,69.5,55.5,3983.6,4905.85,3761.8,4975,4097.7,1,1,1,1,1,1,1,1,0,4,0
3,56,60,0,26,70,2,20,0,0,1,0,1,0,1,7.75,0,29.3,0,26.15,397.15,0,1638.2,0,1340.75,0,0,0,0,0,0,0,0,1,1,0
1,8,30,0,1,34,2,9,0,1,1,0,0,1,0,4.25,0,0,13.25,0,28.65,0,0,75,0,0,0,0,0,1,0,1,1,0,3,0
3,3,36,0,7,34,5,3,0,1,3,1,1,0,0,2.7,13,24,0,0,7,35.65,55.9,0,0,1,1,1,0,0,0,1,0,1,4,0
3,37,37,0,7,172,3,13,0,0,1,0,0,0,0,6.85,0,0,0,0,258.5,0,0,0,0,0,0,0,0,0,0,0,0,1,1,0
3,37,53,1,13,48,1,10,0,0,3,1,0,1,0,12.55,23.5,0,10.25,0,439.55,876.05,0,350,0,0,0,0,0,1,1,1,1,0,3,0
2,6,30,0,9,45,2,2,0,1,1,0,0,0,0,1.35,0,0,0,0,9.95,0,0,0,0,0,0,0,0,0,0,0,0,0,1,1
1,48,47,0,9,72,3,13,0,0,5,1,0,1,1,15.3,28.5,0,16,32.55,732.35,1352.1,0,790,1559.1,1,1,1,0,1,1,1,1,0,4,1
2,43,43,1,3,55,4,18,0,1,4,1,1,1,1,9.1,40.75,48.4,16,50.6,422.7,1802.5,1976.65,675,2244.8,0,1,1,1,1,1,1,1,0,4,0
2,21,29,0,7,40,4,2,0,1,4,1,1,1,1,4.5,17,36.2,19.25,33.4,89.1,386.8,772.3,395,653.9,0,0,0,1,0,1,1,0,0,1,0
3,6,33,0,12,26,3,0,0,0,1,1,0,1,1,6.1,18.75,0,24.25,22.8,35.1,131.1,0,125,121.75,0,1,0,1,1,1,1,1,0,3,1
2,69,51,0,18,96,1,33,0,0,4,1,0,1,0,33.95,87,0,33.5,0,2338.8,5916,0,2180,0,1,0,0,0,1,1,1,1,0,3,0
1,22,33,0,9,54,1,10,0,0,1,1,0,1,0,11.05,22.25,0,18.75,0,246.7,504.4,0,370,0,0,0,0,0,1,1,1,1,0,3,0
1,28,40,1,1,47,2,9,0,1,3,1,0,1,0,8.1,29.5,0,28.5,0,224.25,774.75,0,730,0,0,0,0,0,1,1,1,1,0,3,0
1,71,47,1,23,142,1,30,0,0,2,0,0,1,0,32.2,0,0,82.25,0,2237.35,0,0,5520,0,1,0,0,0,0,0,0,0,0,2,0
2,7,37,0,5,57,4,1,0,0,1,0,0,0,0,3.8,0,0,0,0,23.9,0,0,0,0,0,0,0,0,0,0,0,1,0,1,0
1,63,29,0,10,20,3,7,0,0,2,1,1,1,1,13.3,31,62.35,10,96.25,867.9,1944.45,3778.75,640,6132.2,1,1,1,1,1,1,1,1,1,4,0
2,53,57,0,25,37,1,7,0,0,1,0,0,1,0,7.7,0,0,9.25,0,363.95,0,0,465,0,1,0,0,0,0,0,1,0,0,2,0
2,50,52,1,17,36,4,16,0,0,4,1,0,1,1,11.95,55,0,48,85.85,616.25,2662.1,0,2330,4118.6,1,1,1,0,1,1,1,1,1,4,0
2,39,31,1,6,24,4,2,0,0,2,0,1,1,0,13.9,0,33.3,16.5,0,505.55,0,1213.5,600,0,0,0,1,0,1,1,1,1,1,4,0
3,16,19,0,0,21,2,0,0,1,1,0,0,0,0,5.25,0,0,0,0,70.25,0,0,0,0,0,0,0,0,0,1,0,0,0,1,0
3,43,51,1,15,186,3,25,0,0,2,1,0,1,1,18.9,59.75,0,20.25,59.15,856.3,2522.95,0,885,2525.1,1,1,1,0,1,1,1,1,0,4,0
3,44,31,0,12,30,1,7,0,1,3,0,0,1,0,8,0,0,13,0,317.9,0,0,530,0,0,0,0,0,0,0,0,0,0,1,0
2,72,66,1,43,96,2,16,0,1,2,1,0,1,1,35.15,34.75,0,21.5,50.7,2537.65,2557.75,0,1440,3571.45,1,1,0,0,1,1,1,1,1,4,0
3,61,76,0,39,15,1,29,1,0,1,1,0,1,0,18.6,52.75,0,24,0,1168.45,3257.7,0,1415,0,1,0,1,0,1,1,1,1,0,3,0
3,43,21,1,1,25,1,4,0,0,4,0,0,0,0,7.6,0,0,0,0,334.45,0,0,0,0,1,0,0,1,0,0,1,1,0,2,1
3,24,39,0,11,49,3,7,0,1,1,0,1,0,0,7.45,0,30.9,0,0,177.2,0,657.25,0,0,0,0,0,1,0,0,0,0,0,1,0
3,64,45,0,4,38,2,7,0,1,1,1,0,1,0,13.75,22.75,0,10.25,0,918,1447.4,0,610,0,1,1,0,0,1,0,1,1,0,3,1
2,64,38,0,0,29,2,2,0,0,2,1,0,1,0,17.5,15.5,0,16.75,0,1114.45,1141.55,0,1010,0,1,0,0,0,0,0,0,0,0,2,0
1,24,26,0,7,55,2,7,0,1,1,0,0,0,0,7.6,0,0,0,0,175.8,0,0,0,0,0,0,0,0,0,1,0,0,0,1,0
3,33,55,1,21,64,3,10,0,1,3,1,0,1,0,5.15,14.5,0,24.75,0,163.05,494.55,0,775,0,0,0,0,0,0,0,1,1,0,1,0
2,33,33,1,12,42,4,7,0,1,5,0,1,1,1,8.8,0,30.95,23,23.35,305.75,0,1019.15,730,665.35,1,1,0,0,0,0,0,0,0,2,0
1,2,40,0,9,134,4,2,0,0,1,0,1,0,0,3.9,0,23.8,0,0,4.6,0,26.45,0,0,0,0,0,1,0,0,0,0,1,1,0
2,42,48,1,22,82,1,21,0,1,5,1,0,1,0,9.3,25,0,17,0,459,1006.9,0,750,0,1,0,0,1,1,1,1,0,1,4,0
1,52,54,1,5,153,5,10,0,0,2,0,1,0,1,11.05,0,36.3,0,30.15,555.85,0,1816.65,0,1525.15,1,1,0,1,1,0,0,0,1,2,1
1,45,66,0,43,144,2,13,0,1,1,0,0,1,0,7.75,0,0,13,0,338.8,0,0,565,0,1,0,0,1,0,0,0,0,0,2,0
3,3,25,0,4,22,4,0,0,0,2,0,1,1,0,2.85,0,28.25,19.5,0,7.5,0,48,30,0,0,1,0,1,0,1,1,1,1,4,1
2,37,53,1,16,35,1,16,0,1,4,0,0,0,0,21.3,0,0,0,0,788.25,0,0,0,0,0,0,0,0,0,1,1,0,0,3,0
2,28,57,0,33,82,4,22,0,1,1,0,1,0,0,4.05,0,31.45,0,0,71.5,0,858.15,0,0,1,1,0,1,0,0,1,0,1,2,1
3,40,63,1,9,61,1,22,0,0,2,0,0,1,0,10.9,0,0,41,0,470.9,0,0,1635,0,0,0,0,0,0,0,0,0,0,1,0
2,37,33,0,1,102,2,12,0,0,1,0,1,1,1,16.3,0,33.35,10.25,37.9,646.7,0,1108.05,360,1330.6,1,0,1,1,1,1,0,0,1,4,0
3,7,27,0,5,31,3,4,0,0,5,1,1,0,1,4.15,15,46.05,0,41.85,30.8,96.6,271.75,0,235.55,1,1,1,1,1,1,1,0,1,4,1
1,71,56,0,23,170,1,30,0,1,1,1,0,1,0,14.2,27,0,30,0,1001.2,1840.65,0,2140,0,1,1,1,0,0,1,1,1,0,4,0
2,19,46,0,11,26,2,0,0,1,1,0,0,1,0,6.05,0,0,5,0,121.7,0,0,90,0,0,0,0,1,0,1,0,1,1,1,0
2,61,40,0,15,85,3,15,0,1,1,1,0,1,0,13.65,29.25,0,22.75,0,831.15,1823.6,0,1310,0,1,0,0,0,1,1,1,1,1,3,0
3,70,53,1,16,183,2,35,0,1,2,0,0,1,0,32.9,0,0,15,0,2234.9,0,0,1085,0,1,0,0,0,0,0,0,0,0,2,0
2,60,55,1,13,67,1,18,0,1,2,0,0,1,0,10.75,0,0,14.75,0,697.7,0,0,925,0,0,0,0,0,0,0,0,0,0,1,0
3,48,45,1,5,42,1,11,0,1,2,0,0,0,0,9.25,0,0,0,0,435.6,0,0,0,0,0,0,0,0,0,1,0,0,0,1,0
1,8,63,1,1,31,1,9,0,0,2,1,0,1,0,2.25,13.75,0,11.25,0,16.8,102.55,0,80,0,0,0,0,0,1,0,1,1,0,3,0
2,58,58,1,10,96,2,17,0,0,4,1,0,0,0,12.5,23,0,0,0,710.8,1345.95,0,0,0,1,0,0,0,1,1,0,1,0,3,0
1,16,24,1,5,24,3,2,0,0,5,0,0,1,0,9.4,0,0,14.75,0,124.2,0,0,215,0,0,0,0,0,1,1,1,0,0,3,0
2,33,33,0,4,53,2,14,0,1,1,0,0,0,0,5.05,0,0,0,0,145.85,0,0,0,0,0,0,0,0,1,0,0,0,0,1,0
2,39,25,0,4,18,1,0,0,1,1,0,0,0,0,6.75,0,0,0,0,242.7,0,0,0,0,1,0,0,0,1,1,0,1,0,3,0
1,62,51,0,10,43,4,19,0,0,2,0,1,1,1,27.15,0,42.7,17,41.15,1632.4,0,2583.85,1015,2521.05,1,0,1,1,1,0,0,0,1,2,0
1,50,34,0,10,104,3,9,0,0,1,1,1,1,1,27.5,21.75,52.1,20.25,47.9,1444.45,1219.55,2568.4,960,2368.4,1,1,1,1,1,1,1,1,1,4,0
2,48,55,0,31,26,1,1,0,0,1,0,0,0,0,12.15,0,0,0,0,606.1,0,0,0,0,0,0,0,0,0,0,0,0,0,1,0
3,31,62,0,5,56,2,26,0,1,1,1,0,1,0,4.3,22.25,0,13.75,0,123.5,744.45,0,435,0,0,1,0,0,1,1,1,1,0,3,0
2,65,33,1,9,49,2,6,0,0,5,1,0,1,0,42.9,17.25,0,17.5,0,2706.8,1094.1,0,1190,0,1,0,0,0,0,0,1,0,0,2,0
1,36,58,0,34,80,1,21,0,1,1,0,0,1,0,8.5,0,0,8.5,0,298.25,0,0,260,0,1,0,0,0,0,1,0,0,0,2,0
1,61,46,0,5,318,3,18,0,1,1,1,0,1,0,28.9,39.25,0,84.75,0,1796.7,2442.75,0,5115,0,1,1,0,0,1,1,1,1,0,3,0
2,48,42,0,21,35,4,5,0,0,1,0,0,0,0,12.9,0,0,0,0,589.35,0,0,0,0,1,0,0,0,0,1,1,0,0,3,0
3,35,45,0,17,29,1,6,0,0,1,0,0,0,0,8.4,0,0,0,0,300.35,0,0,0,0,0,0,0,0,0,0,1,0,0,1,0
1,51,28,0,8,43,5,1,0,0,5,1,1,1,1,11.15,35,77.7,20,80.35,623,1920.5,3925.5,955,4059.9,1,1,1,1,1,1,1,1,1,4,0
2,49,51,1,5,80,5,3,0,0,2,0,1,1,1,5.75,0,51.75,36,36.7,285.4,0,2435.35,1810,1679.45,1,1,1,1,1,1,1,1,1,4,1
1,35,39,1,11,30,3,2,0,1,3,1,0,0,0,6.85,27.75,0,0,0,224.85,929.95,0,0,0,0,0,1,0,0,0,1,1,0,3,1
1,58,70,0,2,9,3,24,1,1,1,0,1,1,1,23.3,0,48.35,29.75,35.15,1384.45,0,2632.4,1730,1975.7,1,0,0,1,0,0,0,1,0,2,0
1,23,35,1,0,23,2,1,0,0,5,0,0,0,0,6.7,0,0,0,0,153.9,0,0,0,0,0,0,0,0,1,0,1,1,0,3,0
2,26,39,1,15,58,4,9,0,1,2,1,0,1,1,8.65,21.25,0,6.5,19.65,210.6,567.55,0,145,493.85,0,0,0,1,1,0,1,1,0,3,0
1,38,37,1,1,52,1,20,0,1,4,1,0,1,1,12.2,41.5,0,18.75,54.4,532.55,1686.3,0,705,2051.1,1,1,1,0,1,1,1,1,0,4,0
1,35,66,1,44,14,3,12,1,1,2,1,0,0,0,4.7,31,0,0,0,202.5,1135,0,0,0,0,0,0,0,1,1,1,1,0,3,0
2,37,50,0,9,110,2,21,0,1,1,1,0,1,0,9.65,28.5,0,11.25,0,364.05,992.4,0,375,0,0,0,0,0,1,1,1,1,0,3,0
2,48,43,1,1,60,2,12,0,0,2,1,1,1,0,15.5,19.25,29.6,31.5,0,719.7,905.15,1500.75,1495,0,1,0,0,0,0,1,0,0,0,2,0
3,13,43,1,1,123,3,21,0,0,5,1,1,1,0,3.85,23,33.05,6.75,0,55.05,317.5,439.3,75,0,0,0,1,1,1,1,1,0,1,4,0
1,72,63,1,29,15,5,31,1,0,2,0,0,1,0,20.6,0,0,31.25,0,1547.45,0,0,2180,0,1,0,0,0,0,0,1,1,0,3,0
1,30,27,0,4,47,4,2,0,1,2,0,0,1,0,10.75,0,0,21.25,0,296.9,0,0,600,0,1,0,0,1,0,0,0,0,0,2,1
1,24,43,0,14,138,4,11,0,1,1,1,0,1,1,6.65,20.25,0,8,24.65,130.6,445.6,0,180,551.15,1,0,0,1,1,1,0,1,0,3,0
2,25,51,1,20,359,3,29,0,0,2,1,1,1,1,5.75,27.5,39.2,40.5,21.4,163.75,676.15,881.45,975,475.55,0,1,1,0,1,1,1,1,0,4,0
2,50,52,0,30,214,3,22,0,0,1,1,1,1,1,11.5,26.25,40.7,12,48.3,610.35,1287.7,1943,530,2412.75,1,1,0,1,1,1,1,1,1,4,0
2,28,40,0,7,64,1,19,0,0,1,1,0,0,0,6,27.5,0,0,0,167.65,722.5,0,0,0,0,0,0,0,1,0,0,1,0,3,0
3,34,51,0,8,50,4,14,0,0,1,0,0,1,0,16.15,0,0,15.75,0,531.35,0,0,480,0,0,1,0,0,0,0,0,0,1,1,0
1,48,32,0,2,88,3,9,0,0,1,1,0,1,1,6.15,33.75,0,29.75,44.75,307.65,1603.8,0,1390,2119.35,1,1,1,1,1,1,1,1,0,4,0
2,42,36,1,8,86,2,15,0,1,2,0,1,0,0,9.8,0,30.6,0,0,436.45,0,1222.3,0,0,1,0,0,0,0,0,0,0,0,2,0
3,67,65,1,30,17,1,29,1,1,2,1,0,1,0,21.7,26.25,0,12,0,1384.05,1721.25,0,785,0,1,0,0,0,1,0,1,0,0,3,0
1,17,41,1,7,25,2,17,0,0,3,0,1,0,0,6.45,0,29,0,0,114.3,0,449.95,0,0,0,0,0,1,1,1,1,0,1,3,0
1,29,38,1,19,46,2,6,0,0,2,0,1,0,0,8.35,0,22.95,0,0,248.6,0,584.9,0,0,1,0,0,0,0,0,0,0,1,2,0
3,66,61,0,26,361,1,40,0,1,1,0,0,1,0,12.75,0,0,38.5,0,782,0,0,2615,0,1,0,0,0,0,0,0,1,0,2,0
2,1,21,0,1,18,3,0,0,1,1,0,1,0,0,2.7,0,32.7,0,0,2.7,0,32.7,0,0,0,0,0,1,0,0,0,1,1,1,1
1,28,33,1,3,14,4,1,0,0,3,1,1,0,1,4.55,15.75,33,0,23.95,145.95,504.9,869.85,0,618.65,1,0,1,1,0,1,1,0,1,4,1
1,15,35,1,5,34,3,8,0,0,2,0,1,0,0,5.15,0,25.55,0,0,110.55,0,350.25,0,0,1,0,0,1,0,0,0,0,1,2,1
2,12,64,0,13,9,2,6,1,1,1,1,1,1,0,3.8,30,32.8,8.5,0,52.85,317.75,376.6,95,0,0,0,0,1,1,1,1,1,1,3,0
3,48,49,0,18,39,2,5,0,1,1,1,1,1,1,7,24.5,42.8,23.5,30.75,399.75,1229.6,2099.35,1140,1394.5,1,1,1,0,1,1,1,1,0,4,1
2,59,25,1,4,18,3,2,0,0,4,0,1,1,0,20.1,0,32.55,22.75,0,1251.4,0,1882.65,1415,0,0,0,0,0,0,0,0,0,0,1,0
3,8,26,1,1,25,4,1,0,0,2,0,1,0,0,3.15,0,20.05,0,0,29.9,0,138.4,0,0,0,0,0,1,0,0,0,0,1,1,1
1,45,52,0,15,46,5,8,0,1,1,0,0,1,0,9.4,0,0,8.75,0,402.1,0,0,395,0,1,0,0,0,0,0,0,0,1,2,1
1,25,39,1,8,94,4,11,0,1,4,0,1,0,0,3.95,0,30.75,0,0,95.2,0,681.2,0,0,1,0,0,0,0,0,0,0,0,2,1
1,21,44,1,4,26,3,2,0,0,2,1,1,1,1,7.55,41,42.35,23.5,35.75,160.65,863.3,890.75,485,702.95,0,1,1,1,1,1,1,1,0,4,0
2,17,68,1,1,335,1,35,0,1,3,1,0,1,1,3.55,18.75,0,29.25,27.9,70.25,285.9,0,525,422.85,0,1,1,0,1,1,1,1,0,4,0
2,41,45,0,14,25,3,6,0,0,1,0,1,1,1,7.8,0,42.4,14,23.2,370.8,0,1675.7,535,945.3,0,0,0,1,0,0,1,1,1,1,1
1,13,45,1,3,99,3,8,0,1,2,0,0,1,0,8.7,0,0,23.75,0,103.4,0,0,240,0,0,1,0,1,1,0,1,0,0,3,1
2,1,26,1,3,30,2,7,0,1,5,0,1,0,0,1.05,0,15.4,0,0,1.05,0,15.4,0,0,0,0,0,0,0,0,0,0,1,1,1
3,3,31,1,4,35,2,2,0,1,3,1,1,0,1,4.35,12.75,34.05,0,21.5,11,30.2,75.3,0,28.5,0,1,1,1,1,0,1,0,1,4,1
1,23,27,1,2,51,5,1,0,1,2,0,1,0,0,3.9,0,24.15,0,0,94.95,0,574.35,0,0,0,1,0,0,0,0,0,0,0,1,1
3,26,42,0,20,49,3,13,0,0,1,1,1,1,1,3.5,25,43.65,24.5,27.7,82.3,638.1,1054.4,625,633.4,1,1,1,1,1,1,1,1,1,4,1
1,37,51,1,15,54,1,15,0,0,3,1,0,1,0,9.55,16.5,0,8.25,0,323.65,614.15,0,225,0,1,0,0,0,0,1,0,1,0,3,0
3,5,30,0,3,46,4,7,0,0,1,0,1,0,0,4.3,0,32.1,0,0,17.55,0,121.55,0,0,1,0,0,1,0,0,0,0,1,2,1
1,32,27,1,3,91,4,1,0,1,3,1,1,1,1,5.5,16,42.65,3.75,41.3,189.05,543.15,1247.3,100,1269.1,0,1,1,1,1,0,0,1,1,4,1
3,12,22,0,1,23,4,0,0,0,2,0,0,0,0,4.05,0,0,0,0,33.75,0,0,0,0,0,0,0,0,0,0,1,0,0,1,0
1,72,54,1,6,345,1,32,0,0,2,0,0,1,0,75.45,0,0,18.25,0,5464.6,0,0,1305,0,1,0,0,0,0,1,0,1,0,3,0
3,3,25,1,2,45,4,0,0,1,2,1,1,0,0,3,15.75,31.15,0,0,9.15,53.05,87.6,0,0,0,0,0,1,0,0,0,0,1,1,1
1,54,43,0,12,53,2,12,0,0,1,1,0,1,0,14.35,32.25,0,16.75,0,775.9,1749.4,0,845,0,1,0,0,0,1,1,1,1,0,3,0
2,26,26,0,2,14,2,6,0,1,1,1,1,0,1,7.8,36.5,38.7,0,27.9,204.25,884.2,914.5,0,764.55,1,0,1,1,1,0,1,1,1,4,1
3,14,36,0,13,67,5,4,0,1,1,0,1,0,0,14.05,0,25.1,0,0,187.4,0,303.6,0,0,0,0,0,1,0,1,0,0,0,1,0
3,22,51,0,27,49,3,1,0,0,1,0,1,1,0,9,0,30.45,17.5,0,150.7,0,649.1,370,0,0,0,1,0,0,0,1,0,1,1,0
3,65,47,1,18,37,1,15,0,1,4,0,0,1,0,19.05,0,0,14,0,1174.6,0,0,900,0,0,0,0,0,0,0,0,0,0,1,0
3,26,45,0,18,33,1,9,0,0,1,1,0,1,0,9.6,24.25,0,11.25,0,285.35,563.5,0,295,0,0,0,0,0,0,0,0,1,0,1,0
1,20,37,0,5,46,3,10,0,1,4,0,1,1,1,4.9,0,44.6,6.25,41.35,91.55,0,878,90,815.8,1,1,1,1,1,0,1,1,1,4,0
2,67,60,1,32,93,1,21,0,0,4,0,1,1,0,18.85,0,32,42.75,0,1200.7,0,2189.8,2665,0,1,0,0,0,0,0,0,0,1,2,0
1,34,55,0,2,48,2,11,0,0,1,0,0,0,0,4.25,0,0,0,0,143.35,0,0,0,0,0,0,0,0,0,0,0,0,0,1,0
1,37,54,1,35,183,2,22,0,0,3,1,0,1,0,7.3,20.5,0,7.5,0,257.6,769.4,0,260,0,0,0,0,0,1,1,0,1,0,3,0
2,22,23,1,3,16,1,5,0,0,4,0,0,1,0,5.4,0,0,8.5,0,120.4,0,0,205,0,0,0,0,0,0,0,0,0,0,1,0
2,5,69,0,0,11,2,14,1,0,1,1,0,1,0,6.65,9.75,0,8,0,35.2,44.8,0,30,0,0,0,0,0,0,0,0,0,0,1,0
1,28,31,1,0,42,4,5,0,1,3,1,0,0,0,12.25,23.75,0,0,0,373.8,674.5,0,0,0,1,0,0,0,1,0,0,1,0,3,0
1,20,41,1,7,67,4,14,0,1,4,0,0,0,0,7.25,0,0,0,0,149.1,0,0,0,0,0,0,0,0,0,0,0,0,0,1,0
3,72,41,0,20,181,4,12,0,0,1,1,1,1,1,27.3,23.25,69.4,7.75,52.4,1963.95,1645.8,4980.8,520,3790.55,1,1,1,1,1,1,0,1,1,4,0
2,30,43,0,18,53,4,6,0,0,1,0,1,0,0,7,0,26.8,0,0,232.9,0,738.9,0,0,0,0,0,1,0,0,0,1,1,1,0
3,71,52,0,17,172,2,32,0,0,1,1,1,1,1,49.25,41.5,50.9,27.25,68.1,3599.3,3015.6,3469.15,1850,4828.2,1,1,1,1,1,1,1,1,0,4,0
2,56,44,0,24,87,2,19,0,0,1,1,0,1,0,14.75,42.25,0,16.25,0,822.25,2396.65,0,830,0,0,0,0,0,1,1,1,1,0,3,0
1,8,29,1,2,21,5,0,0,0,2,0,1,0,0,4.15,0,24.3,0,0,39.7,0,167.05,0,0,0,0,0,0,0,0,0,0,0,1,1
2,32,65,0,6,9,2,30,1,1,1,0,0,0,0,6.25,0,0,0,0,201.35,0,0,0,0,1,0,0,1,0,0,0,0,1,2,0
2,46,47,0,22,144,3,22,0,1,2,1,0,0,0,3.5,28.25,0,0,0,179.95,1284.55,0,0,0,0,0,0,0,0,1,1,1,0,3,1
3,60,45,1,23,117,4,11,0,0,3,1,1,1,1,12.4,28,51.7,19.5,52.9,755.7,1721.25,3035.75,1135,3094.65,1,1,1,1,1,1,1,1,1,4,0
2,42,32,1,0,59,4,4,0,1,6,1,1,1,1,16.7,38.25,53.45,22.75,72.6,681.5,1676.2,2253.95,880,2805.75,1,1,1,1,1,1,1,1,0,4,0
3,71,60,1,39,508,4,35,0,0,4,1,0,1,0,23.55,48.25,0,21,0,1665.6,3474.05,0,1465,0,1,1,1,0,1,1,1,1,0,4,0
2,72,63,1,40,222,2,43,1,1,2,1,0,1,0,81.55,62.25,0,15.5,0,5988.5,4439.25,0,1150,0,1,0,1,0,1,1,1,1,0,3,0
3,45,66,0,11,87,3,25,1,1,1,0,0,1,0,6.05,0,0,21.25,0,306.9,0,0,880,0,0,0,0,0,1,0,0,0,0,1,0
3,5,31,0,4,34,1,9,0,0,1,1,1,1,1,1.6,17.25,31.1,12.75,19.85,6.15,78.85,128.95,60,69.9,0,1,0,0,1,1,1,1,0,3,1
2,17,38,1,19,18,4,0,0,1,4,0,0,0,0,8.55,0,0,0,0,162.25,0,0,0,0,1,0,0,0,0,0,0,0,0,2,0
2,70,55,0,12,65,3,24,0,0,1,1,0,1,0,26.7,42.75,0,20.5,0,1874.25,2921.35,0,1465,0,1,1,0,0,1,1,1,1,0,3,0
3,57,57,1,19,130,3,27,0,1,2,0,1,1,0,13.55,0,30.65,12.75,0,849,0,1761.4,685,0,1,0,0,1,0,0,0,0,1,2,0
1,20,33,0,13,44,3,8,0,1,1,0,1,0,0,6.4,0,29.05,0,0,124.45,0,550.75,0,0,1,0,0,0,0,0,1,1,1,2,0
1,72,52,1,21,63,1,24,0,0,3,1,0,1,0,41.95,25.75,0,33.25,0,3114.75,1871.95,0,2305,0,1,0,0,0,1,1,1,1,0,3,0
3,32,50,0,28,57,4,20,0,0,1,1,0,1,1,4.6,38.5,0,37.75,23.5,123,1267.1,0,1205,707.4,0,0,0,0,1,1,1,1,0,3,0
3,22,57,1,7,264,1,35,0,1,2,0,0,1,0,3,0,0,6,0,68.35,0,0,105,0,0,0,0,0,1,0,1,1,0,3,0
2,6,24,0,2,28,1,5,0,0,2,1,0,1,0,4.4,9,0,28.25,0,35.1,57.8,0,155,0,0,0,0,0,1,1,1,1,0,3,1
3,32,23,1,2,26,3,1,0,1,6,1,1,1,0,11,24,31.1,28.25,0,325,796.95,856.2,880,0,1,1,0,1,1,1,1,1,0,4,0
1,38,33,0,3,38,4,0,0,0,1,0,1,1,0,10.95,0,27.2,12.25,0,412.8,0,958.85,465,0,1,0,0,1,0,0,0,0,1,2,0
1,53,35,0,15,59,3,5,0,1,1,1,0,1,0,16.85,23.25,0,18.5,0,888.45,1250.7,0,995,0,0,0,1,0,0,1,1,0,0,3,0
3,37,76,0,38,117,4,21,0,1,1,0,0,1,0,7.5,0,0,6.25,0,273.7,0,0,230,0,0,0,0,0,0,0,0,0,0,1,0
1,47,35,1,13,70,4,9,0,1,2,1,1,0,1,10.75,33,47.4,0,45.85,551,1556.2,2138.25,0,2168.4,1,1,1,1,1,1,0,1,1,4,1
3,69,59,0,37,104,2,13,0,0,1,1,0,1,0,16,30.5,0,13.75,0,1120.75,2104.65,0,925,0,1,1,0,0,1,1,1,1,0,3,0
3,63,56,0,17,71,3,18,0,1,1,0,0,1,0,18.4,0,0,24.75,0,1162.9,0,0,1510,0,0,0,0,0,0,0,0,1,0,1,0
1,61,34,1,0,70,3,7,0,1,3,1,1,1,1,18.85,30,51.95,18.75,47.3,1230.7,1820.3,3045.8,1095,2840.2,1,1,1,1,1,1,1,1,1,4,1
1,56,38,1,8,56,4,10,0,0,2,1,1,1,1,25.1,26.75,44.95,11.5,27.4,1418.35,1435.25,2451.85,645,1553.5,0,0,1,1,1,1,0,0,1,4,0
3,40,57,1,18,68,1,23,0,0,2,1,0,0,0,13.35,25.75,0,0,0,572.4,987.7,0,0,0,0,0,0,0,0,1,0,1,0,3,0
2,61,45,0,21,80,2,13,0,1,1,0,0,1,0,18.1,0,0,35.25,0,1114.75,0,0,2200,0,1,0,0,0,0,0,0,0,0,2,0
2,16,26,0,7,21,4,1,0,0,6,1,1,0,1,3.55,11,44.75,0,30.8,56.85,182.25,638.55,0,438.4,1,1,1,1,0,0,1,0,1,4,0
2,7,43,0,4,69,3,5,0,1,1,0,0,0,0,4.45,0,0,0,0,36.85,0,0,0,0,0,0,0,0,0,0,0,0,0,1,0
3,20,31,1,10,39,2,3,0,1,2,0,0,0,0,7.75,0,0,0,0,148.75,0,0,0,0,0,0,0,0,0,0,0,0,0,1,0
2,35,38,0,7,90,2,18,0,0,4,1,0,1,0,6.8,17.75,0,14,0,245.95,558.35,0,425,0,1,0,1,1,0,1,0,0,1,2,0
1,60,37,1,12,64,5,1,0,1,2,0,0,1,0,14.85,0,0,17.5,0,978.35,0,0,970,0,1,0,0,0,0,0,0,0,0,2,0
2,47,25,0,2,28,2,6,0,0,1,1,1,1,1,7.75,19.75,35.15,17,31.15,315.9,859.6,1535.05,770,1448.4,0,1,1,0,1,1,1,1,1,4,0
2,33,28,1,3,24,2,0,0,1,6,0,0,1,0,7.5,0,0,15.75,0,224.25,0,0,485,0,0,0,0,0,0,0,0,0,1,1,0
3,12,34,0,2,44,2,7,0,0,1,0,0,0,0,4.05,0,0,0,0,48.85,0,0,0,0,0,0,0,0,0,0,0,0,0,1,0
1,10,31,0,0,32,4,7,0,1,2,0,1,0,0,5.4,0,28.35,0,0,60.15,0,253.35,0,0,1,0,1,1,0,0,0,0,1,2,1
2,69,33,1,9,52,4,9,0,1,3,0,0,1,0,29.95,0,0,29,0,2142.8,0,0,1915,0,1,0,0,0,0,0,1,1,0,3,0
1,23,20,0,1,15,3,0,0,1,1,0,0,0,0,7.5,0,0,0,0,199.65,0,0,0,0,1,0,0,0,0,0,0,0,0,2,0
1,53,31,0,10,46,3,6,0,0,2,1,1,1,0,27.1,18.5,42.5,37.5,0,1408.35,935,2297.85,2015,0,1,0,1,1,0,0,0,0,0,2,0
2,60,57,1,14,107,2,33,0,1,2,1,0,1,1,17.55,30.75,0,21.25,46.7,1035.2,1863.15,0,1245,2640,1,0,1,0,1,1,1,1,0,3,0
2,33,33,0,7,56,2,11,0,0,1,0,0,1,0,13.45,0,0,16,0,470.9,0,0,470,0,0,0,0,0,0,1,0,0,0,1,0
3,67,40,1,21,40,4,7,0,1,4,0,1,1,1,24.35,0,46.6,15.25,37.45,1585.85,0,3013.25,1015,2396.15,1,1,1,1,1,0,1,0,1,4,0
3,15,38,1,5,56,3,13,0,0,3,1,0,1,0,5.4,18,0,15,0,76.75,274.95,0,225,0,0,0,0,0,1,1,1,0,0,3,0
3,64,31,1,5,46,2,7,0,1,4,0,1,1,1,24.15,0,34.8,17.75,33.2,1546.55,0,2214.1,1115,2148.15,1,1,0,1,0,0,1,0,1,2,0
2,46,49,1,13,51,2,21,0,0,2,0,0,1,0,7.25,0,0,21.75,0,329.95,0,0,945,0,0,0,0,0,0,0,0,0,0,1,1
2,72,60,1,33,12,1,20,1,0,3,1,0,1,1,53.75,68.5,0,10.25,43.95,3776.1,4938.6,0,780,3102.2,1,1,1,0,1,1,1,1,0,4,0
1,61,43,1,6,34,5,6,0,0,3,1,1,1,1,25.05,39,56.8,32.75,51,1541.9,2536.1,3279.9,1980,3182.65,1,1,1,1,1,1,1,1,1,4,1
3,54,27,0,3,27,2,6,0,1,5,1,1,1,1,12.4,35,48.3,5.75,43.5,660.85,1919.75,2484.3,315,2259.8,1,1,1,1,1,1,0,1,1,4,0
3,28,36,0,3,42,3,7,0,1,1,1,0,1,0,12.9,28.25,0,14,0,363.65,820.15,0,370,0,0,0,0,1,1,1,1,1,0,3,0
2,28,38,0,8,119,5,2,0,0,3,0,1,0,1,5.05,0,46.9,0,42.65,141.95,0,1262.7,0,1189.9,1,1,1,1,0,0,0,1,1,4,1
2,32,43,0,13,146,1,27,0,1,1,1,0,1,1,18.3,33.5,0,15.5,17.45,546.35,1090.65,0,510,559.45,0,0,0,0,1,1,1,1,0,3,0
2,52,46,0,17,51,2,13,0,1,3,0,0,1,0,12.5,0,0,15,0,638.7,0,0,755,0,1,0,0,0,0,0,0,0,0,2,0
1,48,62,0,33,86,1,22,1,1,1,1,1,1,1,16.35,33.5,38.95,18.75,30.6,729.3,1613.6,1763.1,920,1408.5,0,1,0,0,1,1,1,1,1,3,0
3,52,42,1,17,27,3,8,0,1,2,1,0,1,0,19.65,31,0,19.75,0,1008.8,1661.3,0,1050,0,0,0,0,1,1,1,1,1,0,3,0
1,37,43,0,8,38,3,9,0,0,1,0,0,0,0,8.1,0,0,0,0,289.75,0,0,0,0,1,0,0,0,0,0,0,0,0,2,0
1,41,52,0,26,928,3,29,0,0,3,1,0,1,0,7.65,25,0,13.5,0,344,1060.65,0,465,0,0,1,0,0,1,1,1,1,0,3,0
2,43,27,1,3,21,2,1,0,1,3,0,0,1,0,12.65,0,0,16.5,0,558.85,0,0,760,0,1,0,0,0,0,0,0,0,0,2,0
3,67,60,0,24,24,1,6,0,1,1,0,0,1,0,25.1,0,0,21.5,0,1659.1,0,0,1530,0,1,1,0,0,0,0,1,1,0,3,0
3,61,52,1,30,91,1,25,0,1,2,0,0,1,0,13.8,0,0,47,0,840.15,0,0,2790,0,0,0,0,0,0,0,0,0,0,1,0
3,70,39,1,20,38,2,8,0,1,4,1,0,1,0,30.3,26.5,0,51.25,0,2201,1981.65,0,3450,0,1,0,0,0,1,0,0,1,0,3,0
3,44,32,1,1,96,4,5,0,1,4,1,1,1,1,5.25,22,61.95,8.75,57.8,213.45,951.95,2803.5,360,2451.6,1,1,1,1,1,1,1,1,1,4,0
3,46,45,0,12,96,3,17,0,0,1,0,1,1,0,10.95,0,24.5,9.75,0,504.3,0,1032.75,410,0,1,0,0,1,0,0,0,0,1,2,0
3,39,34,0,2,54,3,5,0,0,1,0,0,1,0,6.5,0,0,13.25,0,265.45,0,0,460,0,0,0,0,0,0,0,0,0,0,1,0
2,39,59,0,20,1668,4,27,0,1,1,1,0,0,0,8.2,15,0,0,0,303.95,595.6,0,0,0,1,1,0,1,1,1,0,0,0,2,0
2,50,29,1,10,53,4,0,0,1,4,1,1,1,1,13.2,46,53.15,11.5,46.4,593.35,2412.65,2499,540,2280,1,1,1,0,1,1,1,1,0,4,0
3,5,31,0,1,21,3,1,0,1,2,0,0,0,0,2.6,0,0,0,0,16.1,0,0,0,0,0,0,0,0,0,0,0,0,1,1,1
2,10,34,0,1,52,5,3,0,1,1,0,1,0,1,4.3,0,32.55,0,25.4,47.45,0,332,0,255.7,1,0,0,1,0,0,0,0,1,2,1
1,72,69,0,45,17,3,36,1,1,1,0,0,1,0,38.2,0,0,28.25,0,2751.65,0,0,2005,0,1,0,0,0,0,0,0,0,0,2,0
2,68,60,0,40,262,2,39,0,1,1,0,0,1,0,31.6,0,0,26,0,2112.25,0,0,1690,0,1,0,0,0,1,1,1,0,0,3,0
3,58,28,0,5,34,5,1,0,1,1,0,1,1,0,19.9,0,41.7,23.75,0,1144.6,0,2275.7,1335,0,1,1,1,1,0,0,0,0,1,2,0
3,18,44,1,10,107,1,19,0,1,7,0,0,0,0,2.25,0,0,0,0,41.8,0,0,0,0,0,0,0,0,0,0,0,0,0,1,0
1,65,45,1,25,67,5,13,0,1,2,1,1,1,0,9.85,20.75,27.65,36,0,671.2,1391.85,1729.2,2305,0,1,0,0,0,0,1,0,1,0,3,0
3,8,45,0,1,37,4,0,0,0,1,0,1,0,0,4.65,0,32.05,0,0,64.45,0,207.85,0,0,1,0,0,1,0,0,0,0,1,2,1
2,1,20,0,1,21,2,0,0,1,2,0,1,0,0,0.9,0,23.85,0,0,0.9,0,23.85,0,0,0,1,1,0,1,0,0,0,1,1,1
3,42,58,0,7,22,1,4,0,1,1,0,0,0,0,3.6,0,0,0,0,166.75,0,0,0,0,1,0,0,0,0,0,0,0,0,2,0
1,4,25,1,3,71,3,3,0,1,5,0,1,0,0,3.6,0,28.7,0,0,14.95,0,110.15,0,0,0,1,0,1,0,0,0,0,1,1,0
3,17,35,0,4,77,3,8,0,1,1,1,0,0,0,8.1,15,0,0,0,144.4,251.1,0,0,0,0,0,0,0,1,1,1,0,0,3,0
2,8,24,1,1,18,4,0,0,1,5,1,1,1,1,2.95,17,39.3,20,34.3,16.8,134.25,296.7,165,260.8,0,1,1,1,1,1,1,1,1,4,1
1,49,37,1,17,50,2,12,0,1,2,0,0,1,0,4.2,0,0,16.5,0,243.1,0,0,800,0,1,0,0,0,0,0,0,0,0,2,0
1,56,46,1,21,33,4,7,0,0,2,0,1,1,0,22.7,0,32.9,8.5,0,1257.4,0,1846.85,525,0,1,0,0,1,0,0,0,0,1,2,0
1,62,57,1,21,94,1,22,0,0,2,1,0,1,0,11.95,32,0,53,0,757.6,1999.95,0,3250,0,1,0,1,0,1,1,1,1,1,4,0
2,42,57,1,25,209,1,40,0,1,4,0,0,1,0,9.45,0,0,11,0,383.45,0,0,475,0,0,0,0,0,0,0,0,0,0,1,0
1,13,32,0,7,31,4,5,0,0,2,1,0,1,1,5.05,35.5,0,10.5,23.3,64.85,452.3,0,115,244.3,0,1,0,0,1,1,1,1,0,3,0
1,69,46,1,18,66,2,19,0,0,4,0,0,1,0,21.85,0,0,46.5,0,1589.1,0,0,3265,0,1,0,0,0,0,0,0,0,0,2,0
2,45,59,0,14,51,1,15,0,0,2,0,0,1,0,5.95,0,0,5.25,0,236.3,0,0,175,0,0,0,0,0,0,0,0,0,0,1,0
2,66,42,1,18,118,2,20,0,0,2,0,0,1,0,26.8,0,0,21.75,0,1774.75,0,0,1480,0,1,0,0,0,0,0,0,0,0,2,0
2,15,35,0,10,25,2,3,0,0,1,0,1,0,0,4.75,0,21.4,0,0,41.4,0,291.4,0,0,0,0,0,1,0,0,0,0,1,1,1
1,41,44,1,1,59,3,21,0,1,3,0,1,1,0,12.1,0,44.9,24.5,0,479.95,0,1853.3,1005,0,1,1,0,1,0,1,0,0,1,2,0
2,11,20,0,1,20,2,0,0,1,1,1,1,1,1,4.75,23,38.55,13.5,42.7,48,221.35,427.65,155,387.95,0,1,1,1,1,1,1,1,1,4,1
3,45,30,1,0,63,5,4,0,0,4,1,1,1,1,7.1,40.75,39.75,16.5,50.85,314.8,1849.5,1717.2,775,2239.65,1,1,1,1,1,1,1,1,1,4,1
1,52,62,0,23,36,4,17,0,0,1,1,0,1,0,13.35,18.5,0,18.5,0,709.25,978.85,0,915,0,0,0,0,0,0,0,0,1,0,1,0
1,42,56,0,24,72,4,18,0,1,1,0,1,1,1,8,0,38.5,20.5,40.05,336.9,0,1573.85,770,1713.3,1,1,1,1,1,1,1,1,1,4,0
2,48,35,0,11,50,1,16,0,0,3,1,0,1,0,12.85,21.75,0,17,0,622.75,1018.55,0,790,0,0,1,0,0,1,1,0,0,0,3,0
3,4,31,0,5,39,2,5,0,0,2,1,1,1,1,4.9,26,41.55,10,36.4,19.65,95.95,111.7,25,142.9,0,1,1,1,1,1,1,1,1,4,1
3,53,64,1,10,54,2,20,0,1,2,1,1,1,1,9.65,39.25,51.15,53.5,74.8,483.55,2053.2,2658.05,2675,3817.55,1,1,1,1,1,1,1,1,1,4,0
3,1,59,0,4,9,1,4,1,0,1,1,0,1,0,3.8,26.5,0,20.5,0,3.8,26.5,0,20.5,0,0,0,0,0,1,1,1,0,0,3,0
3,19,30,1,10,33,4,1,0,0,3,1,1,0,0,4.05,22.25,31.8,0,0,79.45,396.35,543.85,0,0,0,1,1,1,0,1,1,1,1,4,0
2,33,30,0,11,28,1,9,0,0,1,0,0,0,0,7.4,0,0,0,0,246.55,0,0,0,0,0,0,0,0,0,0,1,0,0,1,0
3,42,36,1,14,44,2,11,0,0,3,1,0,0,1,7,26.5,0,0,26.1,321.95,1161.3,0,0,1173.45,0,0,1,0,1,1,1,1,0,3,0
1,60,32,0,12,34,4,4,0,1,2,0,0,1,0,23.95,0,0,10,0,1513,0,0,615,0,1,0,0,0,0,0,0,0,0,2,0
2,57,51,1,7,68,4,18,0,1,3,1,0,1,0,16.05,18.75,0,8.25,0,930.4,1096,0,365,0,1,0,0,0,1,1,1,1,0,3,0
1,64,39,0,5,37,1,9,0,0,1,0,0,1,0,10.2,0,0,17.5,0,640.75,0,0,1020,0,0,0,0,0,0,0,0,0,0,1,0
2,28,20,1,1,18,3,0,0,0,3,0,1,0,1,7.7,0,38.9,0,32,190.05,0,1041.1,0,873.3,1,1,1,1,0,1,0,1,1,4,0
1,29,35,1,10,55,2,7,0,0,4,1,0,1,0,15.65,21.75,0,30.75,0,477.95,612.55,0,855,0,0,0,0,0,0,1,1,1,0,3,1
1,46,31,1,12,21,1,5,0,0,5,0,0,1,0,8.95,0,0,9.25,0,369.95,0,0,415,0,0,0,0,0,0,1,1,1,0,3,0
1,22,41,1,9,29,3,11,0,0,4,0,0,0,0,12.75,0,0,0,0,274.85,0,0,0,0,0,0,0,0,0,0,0,0,0,1,1
2,10,56,0,26,9,2,6,1,0,2,0,0,0,0,3.2,0,0,0,0,36.9,0,0,0,0,0,0,0,0,0,0,0,1,0,1,0
3,50,41,0,16,138,2,18,0,1,1,1,1,1,0,12.35,19.75,27.85,14.5,0,585.05,937.85,1359.05,690,0,1,0,0,0,0,0,0,0,1,2,1
1,55,65,0,34,28,4,12,1,1,1,1,0,1,1,18.6,46.25,0,14.75,41.2,1007.3,2610.55,0,835,2163.5,0,1,1,0,1,1,1,1,0,4,0
2,15,54,0,7,62,1,11,0,0,1,0,0,0,0,3.15,0,0,0,0,54.25,0,0,0,0,0,0,0,0,1,0,0,0,0,1,0
1,31,32,1,13,37,3,8,0,1,3,1,0,1,1,4.6,19.75,0,8.75,56.45,140.55,593.75,0,290,1771.1,1,1,1,1,1,1,1,1,0,4,0
3,5,44,0,5,83,1,16,0,1,1,0,1,0,0,4.65,0,25.25,0,0,12.3,0,90.5,0,0,1,0,0,0,0,1,0,0,0,2,1
2,69,63,0,28,168,1,43,0,1,2,1,0,1,0,14.5,44.25,0,18.25,0,1020.3,3097.25,0,1230,0,0,0,0,0,1,1,1,1,0,3,0
2,26,27,1,4,33,4,1,0,0,6,1,1,1,1,5.85,25.5,42.45,13.25,34.15,114.55,656.85,1089.7,310,810.2,1,1,1,1,1,1,1,1,1,4,1
3,10,33,1,2,66,3,9,0,1,4,1,0,1,0,7.1,21.25,0,25.25,0,59.3,241.8,0,220,0,0,0,0,1,1,0,1,0,0,1,1
1,26,30,0,9,18,4,1,0,0,3,1,0,1,0,7.25,25.5,0,32.5,0,171.85,688.35,0,840,0,0,1,1,0,1,1,1,1,0,4,1
3,25,30,0,0,20,1,4,0,1,1,1,0,1,0,8.55,21.75,0,15.5,0,215.95,522.15,0,370,0,0,0,0,0,1,1,0,1,0,3,0
3,30,23,1,4,19,3,1,0,0,4,0,1,1,0,7.9,0,35.2,27.5,0,253.05,0,1087.55,840,0,1,0,0,1,0,0,0,0,1,2,0
1,21,39,1,7,25,2,1,0,0,4,1,0,1,1,8.5,27,0,20,31.25,175.3,582,0,440,646.9,0,0,0,0,1,1,1,1,0,3,0
1,71,46,0,27,119,5,7,0,1,1,0,1,1,1,42.85,0,70.05,15,111.95,3080.85,0,5028.65,1020,7856.85,1,1,1,1,0,0,1,1,1,4,0
3,11,48,1,5,323,4,25,0,0,4,1,0,1,1,5.25,30,0,21.75,25.75,48.5,293.85,0,205,223.25,0,0,0,1,1,1,1,1,0,3,1
1,24,30,1,7,45,1,11,0,1,2,0,0,0,0,6,0,0,0,0,134.7,0,0,0,0,0,0,0,0,0,0,1,0,0,1,0
1,65,59,1,27,197,4,26,0,0,2,0,1,1,0,45.4,0,25.75,46.75,0,2973.55,0,1699.85,3065,0,1,0,1,0,0,0,0,0,1,2,0
1,16,34,1,13,56,3,10,0,1,3,0,0,0,0,9.35,0,0,0,0,157,0,0,0,0,0,0,0,0,0,0,0,0,0,1,1
3,37,51,1,26,24,4,4,0,0,2,0,0,1,0,8.2,0,0,13.75,0,288.4,0,0,480,0,1,0,0,0,0,0,0,0,1,2,0
1,5,30,0,4,25,3,6,0,0,1,1,1,0,0,2.4,14.75,27.5,0,0,25.45,72.45,147.4,0,0,0,0,0,0,1,1,1,0,0,3,1
1,3,55,1,9,26,5,0,0,1,2,0,1,0,0,6.4,0,31.2,0,0,22.4,0,49.55,0,0,1,1,0,1,0,0,0,0,1,2,1
1,5,32,0,6,33,4,3,0,0,2,0,1,0,0,3.2,0,21.6,0,0,24.55,0,98.4,0,0,0,0,0,1,0,0,0,0,1,1,1
1,60,44,1,4,150,2,24,0,0,2,1,0,1,1,20,63.5,0,15,36.8,1207.3,3907.8,0,870,2163.75,1,1,1,0,1,1,1,1,1,4,0
2,19,37,1,4,99,2,15,0,1,3,0,0,0,0,8,0,0,0,0,142.05,0,0,0,0,1,0,0,1,1,0,0,0,1,2,1
3,54,40,0,19,50,4,12,0,1,2,0,0,1,1,22.8,0,0,5,33.05,1266.1,0,0,310,1746.9,1,1,0,1,1,1,1,1,1,4,0
2,25,41,0,3,81,3,20,0,1,4,0,0,1,0,7.4,0,0,11,0,193.65,0,0,290,0,0,0,0,0,0,1,1,1,0,3,0
2,1,36,0,6,21,1,1,0,0,2,0,1,0,0,1.35,0,22.6,0,0,1.35,0,22.6,0,0,1,0,0,0,1,0,0,0,1,2,1
3,54,68,0,7,273,3,27,0,1,1,0,0,1,0,18.35,0,0,6,0,1003.2,0,0,325,0,0,0,0,1,0,0,0,0,1,1,0
1,14,31,1,9,39,3,4,0,1,7,0,0,0,0,4.4,0,0,0,0,60.65,0,0,0,0,0,0,0,0,0,0,0,0,0,1,0
3,14,28,1,7,17,2,3,0,0,4,0,1,0,0,5.8,0,20.85,0,0,86.75,0,288.05,0,0,0,0,0,0,0,0,0,0,1,1,1
2,10,45,1,8,115,3,17,0,1,4,0,1,0,0,5.7,0,28.05,0,0,52.95,0,238.9,0,0,1,0,0,1,0,0,0,0,1,2,1
1,7,23,0,3,27,2,1,0,1,3,1,0,1,0,3.65,9.5,0,7,0,21,76.05,0,55,0,0,0,0,0,0,1,1,0,0,1,0
2,33,45,0,24,35,1,6,0,0,1,1,0,1,0,5.65,24,0,25.5,0,205.75,860.95,0,780,0,0,0,1,0,1,1,1,1,0,3,1
1,3,23,0,2,20,2,4,0,0,1,0,1,0,0,4.65,0,30,0,0,11.2,0,68.8,0,0,0,1,0,1,0,0,0,1,1,1,0
2,56,58,1,3,92,1,25,0,0,3,0,0,1,0,8.25,0,0,19.75,0,476.7,0,0,1075,0,0,0,0,0,0,0,0,1,0,1,0
2,54,56,0,8,207,2,35,0,1,1,1,0,1,0,9,25.25,0,9,0,464.65,1352.25,0,455,0,0,0,0,0,1,1,1,1,0,3,0
1,72,55,1,28,40,1,11,0,0,5,0,0,1,0,34.25,0,0,35.75,0,2472.65,0,0,2770,0,1,0,0,0,0,0,0,0,0,2,0
1,18,29,0,4,40,2,1,0,0,1,0,1,0,0,9.5,0,27.35,0,0,196.2,0,401.65,0,0,0,0,0,1,1,1,1,0,0,3,0
3,25,29,0,9,55,4,1,0,0,1,1,0,0,0,5.25,24.75,0,0,0,147.95,612.45,0,0,0,0,0,0,0,1,0,0,0,1,1,1
1,42,62,0,26,26,1,35,1,1,1,0,0,1,0,8.75,0,0,27,0,337.75,0,0,1070,0,0,0,0,0,0,0,0,0,1,1,0
3,4,37,0,2,41,2,8,0,0,1,1,1,1,0,2.8,13.5,29.9,16.5,0,5.3,45.75,83.55,60,0,0,0,1,1,0,1,0,0,0,1,0
2,12,50,1,16,203,4,25,0,0,2,1,0,1,1,4.95,22,0,11.25,28.3,71.5,284.7,0,120,315.7,0,0,1,0,0,1,0,0,1,1,1
2,53,64,1,17,380,2,36,0,1,2,1,0,1,0,12.85,40.25,0,15,0,687.9,2104.3,0,825,0,0,0,0,0,1,1,1,1,0,3,0
2,13,38,1,8,104,4,6,0,0,7,1,0,1,1,10.25,21.5,0,25.75,58.85,160.4,274,0,325,723.35,0,1,1,1,1,1,1,1,1,4,1
3,18,31,1,12,24,3,4,0,0,4,0,0,0,0,12.15,0,0,0,0,202.2,0,0,0,0,1,0,0,0,0,0,0,0,1,2,0
3,67,42,1,20,81,3,20,0,1,5,1,0,1,1,24.4,41.25,0,9.5,36.7,1701,2799.45,0,615,2481.65,1,1,1,0,1,1,1,1,0,4,0
2,6,24,0,2,17,1,1,0,0,1,1,0,1,0,3.25,21,0,15.25,0,29.25,132.2,0,45,0,0,0,0,0,1,1,0,1,0,3,0
1,25,46,0,13,45,1,12,0,1,1,1,0,0,0,5.4,16,0,0,0,155,408.05,0,0,0,0,1,0,0,0,1,1,0,0,3,0
2,15,39,0,19,32,2,2,0,0,1,0,1,0,0,3.45,0,31.85,0,0,44.45,0,462.75,0,0,1,1,0,0,0,0,0,0,1,2,1
3,32,35,0,12,57,4,5,0,0,1,1,1,0,0,8.6,11,30.05,0,0,259.3,335.15,975.8,0,0,1,0,0,0,0,0,0,0,0,2,0
2,22,39,0,0,63,4,9,0,0,1,0,1,0,0,6.2,0,21.35,0,0,121.7,0,425.25,0,0,1,0,0,1,0,0,0,0,1,2,1
2,8,22,0,3,25,4,0,0,0,1,1,0,1,1,8,32.25,0,18.25,19.45,61.55,264,0,155,153.7,0,1,0,0,1,1,1,1,0,3,0
1,3,31,1,4,22,1,1,0,0,2,0,1,0,0,3.4,0,22.7,0,0,7.6,0,35.45,0,0,0,0,0,1,0,1,0,0,1,1,1
2,32,54,0,6,155,2,20,0,0,1,0,0,0,0,16.35,0,0,0,0,528.5,0,0,0,0,0,0,0,0,0,0,0,0,0,1,0
1,49,54,0,24,30,2,5,0,0,1,0,0,1,0,15.5,0,0,14.25,0,754.8,0,0,625,0,1,0,0,0,0,0,1,0,0,2,0
2,2,28,0,7,46,3,0,0,1,1,0,0,0,1,3.45,0,0,0,15.1,6.55,0,0,0,10.45,1,0,1,0,1,1,0,1,1,4,0
1,39,47,0,1,68,4,10,0,1,2,0,0,0,0,8.3,0,0,0,0,308.55,0,0,0,0,1,0,0,1,0,0,0,0,1,2,1
1,42,33,0,2,67,2,5,0,0,2,0,0,1,0,6.7,0,0,25.25,0,270.2,0,0,1075,0,1,0,0,0,0,0,0,1,0,2,0
1,28,36,0,3,69,3,2,0,0,1,1,1,1,1,6.05,25.25,41.55,31.75,36.6,153.05,697.05,1117.15,835,1020.95,1,1,1,0,1,1,1,1,1,4,0
2,41,46,1,14,47,2,11,0,0,5,1,1,1,1,6.3,41.25,55.8,20,50.95,279.7,1665,2197.6,830,1956.7,1,1,1,0,1,1,1,1,0,4,0
3,67,50,1,31,83,2,12,0,0,2,0,1,1,0,29.45,0,22.65,19,0,1921.55,0,1515.4,1240,0,1,0,0,0,0,0,0,0,1,2,0
1,38,40,0,15,34,2,11,0,1,1,0,1,1,0,4.25,0,19.8,7,0,157.6,0,779.65,275,0,1,0,0,1,0,0,0,0,0,2,0
2,18,38,0,8,45,2,2,0,1,4,1,1,1,1,2.7,31.5,36.25,15,23.4,45.6,609.2,654.75,270,422.5,0,1,0,1,1,1,1,1,1,4,1
2,6,42,1,17,29,2,2,0,1,2,1,0,1,1,4.3,25.75,0,29,31.9,13.4,159.15,0,165,162,0,1,1,0,1,1,1,1,0,4,0
2,4,36,0,0,21,2,1,0,1,3,0,0,0,0,3.3,0,0,0,0,22.1,0,0,0,0,0,0,0,0,0,0,0,1,0,1,0
1,13,23,1,3,30,3,0,0,1,4,1,1,0,0,5.15,24.25,28.85,0,0,53.5,294.55,294.35,0,0,1,1,1,1,1,0,1,1,0,4,0
1,20,35,0,0,78,4,7,0,0,1,0,1,0,1,5.5,0,46.1,0,35.25,97.15,0,825.45,0,701.05,1,1,1,1,0,1,1,0,1,4,1
1,34,49,1,27,61,3,15,0,1,2,1,0,0,0,12.65,34.25,0,0,0,414.9,1119.35,0,0,0,0,0,0,0,1,1,1,1,0,3,0
1,46,29,1,4,90,5,3,0,0,4,1,0,1,1,16.85,40.5,0,34.5,39.8,736.45,1817.75,0,1480,1783.15,0,1,1,1,1,1,1,1,0,4,0
1,48,41,0,21,43,2,7,0,0,1,0,0,1,0,19.5,0,0,11.75,0,887.7,0,0,530,0,1,0,0,0,0,0,0,0,0,2,0
3,69,61,1,12,301,2,37,0,0,2,1,1,1,1,26.05,36.75,41.85,16.25,38.45,1738.15,2589.3,2768.85,1110,2590.2,1,1,0,0,1,1,1,1,0,3,0
1,32,34,1,7,32,2,15,0,0,4,0,0,0,0,9.25,0,0,0,0,285.75,0,0,0,0,0,0,0,0,0,0,0,1,0,1,0
1,29,29,0,9,41,2,9,0,0,2,1,1,0,0,4.75,23,37.45,0,0,112,626.6,1010.1,0,0,1,0,0,0,0,0,1,1,1,2,0
3,55,52,0,22,127,1,28,0,1,3,0,0,1,0,7.05,0,0,20.25,0,400.55,0,0,1150,0,1,1,0,0,0,0,0,0,1,2,0
3,72,60,1,36,271,1,43,0,1,2,0,0,1,0,21.7,0,0,52.25,0,1580.4,0,0,3665,0,1,0,0,0,1,1,1,1,0,3,0
3,29,26,0,1,32,3,2,0,1,1,0,0,1,0,3.4,0,0,15.75,0,111.5,0,0,440,0,0,1,0,0,0,0,0,1,0,1,1
2,50,25,1,1,36,4,2,0,1,5,0,1,1,1,13.05,0,40.6,10.25,40.85,682.2,0,1928.2,545,1964.2,1,1,1,0,1,1,1,1,1,4,0
3,35,50,1,11,293,3,21,0,0,2,0,1,0,0,12.25,0,23.9,0,0,416.4,0,793.4,0,0,0,0,0,0,0,0,0,0,1,1,1
3,11,63,0,9,41,3,3,0,0,1,0,1,0,0,4.15,0,29.9,0,0,46.35,0,299.65,0,0,0,0,0,1,0,0,0,0,1,1,1
1,9,29,0,9,39,3,5,0,1,1,0,0,0,0,4.2,0,0,0,0,22,0,0,0,0,0,0,0,0,0,0,0,0,1,1,0
2,51,48,0,27,58,1,18,0,0,1,1,0,1,0,19.2,25.75,0,9.25,0,964.85,1320.05,0,390,0,0,0,0,0,1,0,1,1,0,3,1
1,33,34,1,2,28,1,3,0,1,3,0,0,0,0,13.4,0,0,0,0,438.9,0,0,0,0,1,0,0,1,1,0,0,0,0,2,0
1,25,20,0,0,15,2,0,0,0,2,1,0,1,0,10.7,23,0,18.75,0,296.75,572.25,0,405,0,0,0,0,0,1,1,1,1,0,3,0
3,31,34,0,9,105,4,7,0,1,4,0,0,1,0,6.45,0,0,5.75,0,182.35,0,0,170,0,0,0,0,0,0,1,0,1,0,3,0
2,67,40,1,10,80,4,8,0,1,2,1,1,1,1,33.05,21.75,53.55,18.75,48.05,2225.15,1391.6,3532.1,1215,3185.35,1,1,1,1,1,1,1,1,1,4,0
3,55,45,0,8,36,2,9,0,0,3,1,0,1,0,25.65,41.75,0,11.75,0,1423,2294.75,0,630,0,1,1,0,0,1,1,1,1,0,3,0
3,19,50,0,7,112,4,3,0,1,1,0,1,1,1,7.15,0,44.8,14.25,46.55,160.2,0,817.25,265,893.75,1,1,1,0,1,1,0,1,1,4,0
1,39,34,1,11,55,4,10,0,1,4,1,1,1,1,18.45,33.75,56.95,35.5,47.85,742.5,1307.8,2171.65,1385,1867.5,0,1,1,1,1,1,1,1,0,4,0
2,52,35,1,8,40,4,1,0,0,2,1,1,1,1,10.75,33.5,35.3,11,44.6,546.65,1772.35,1726.45,615,2407.15,1,1,0,0,1,1,1,1,0,3,0
3,55,37,1,15,23,2,0,0,1,5,1,0,1,0,12.95,32.5,0,26.25,0,716.25,1783.55,0,1355,0,1,0,0,0,1,1,1,1,0,3,0
2,25,62,0,27,28,4,33,1,1,1,1,1,1,1,8.3,14.75,52,18,47,160.4,359.25,1183.65,430,1117.55,1,1,1,0,1,1,1,1,1,4,1
3,33,58,0,12,21,2,23,1,1,1,0,0,1,0,8.8,0,0,20.75,0,264.05,0,0,690,0,0,0,0,0,0,0,0,0,0,1,0
2,48,35,0,5,63,4,12,0,0,2,0,0,1,0,13.4,0,0,27.5,0,560.55,0,0,1315,0,1,0,1,0,1,1,1,1,0,3,1
2,48,31,1,12,52,4,3,0,0,3,1,1,1,1,8.15,26.5,50.95,31.75,55.55,364.8,1323.5,2289.7,1410,2725.3,1,1,1,1,1,1,1,1,1,4,0
2,49,57,0,3,189,1,31,0,1,3,0,0,1,0,11,0,0,8.75,0,476.15,0,0,405,0,0,0,0,0,0,0,0,0,0,1,0
3,54,32,1,0,50,1,15,0,0,3,1,1,1,0,18.15,46.25,49.2,21.25,0,958.7,2530.9,2610.6,1105,0,0,0,0,0,1,1,1,1,0,3,1
1,45,32,1,9,23,1,15,0,0,4,0,0,0,0,9.85,0,0,0,0,469.1,0,0,0,0,0,0,0,0,0,0,0,0,0,1,0
3,4,37,1,1,33,2,15,0,1,5,0,1,0,0,2.45,0,21.9,0,0,19.25,0,65.1,0,0,0,0,0,1,0,0,0,0,1,1,1
3,49,27,1,3,29,3,6,0,1,3,0,1,0,0,10.4,0,44,0,0,476.45,0,2096.75,0,0,1,1,0,1,0,0,0,0,1,2,1
2,23,35,0,2,96,3,4,0,0,1,0,1,1,1,6.4,0,37.6,22.75,46.2,160.3,0,788.4,450,979.25,1,1,1,1,1,1,1,1,1,4,1
2,31,44,0,23,80,5,15,0,0,1,1,1,0,0,14.05,9.25,30.35,0,0,465.2,306.05,916.5,0,0,1,0,0,1,0,0,0,0,1,2,1
2,55,44,1,2,68,2,15,0,0,5,1,0,1,0,6.6,43.5,0,29.5,0,350.85,2423.3,0,1685,0,0,0,0,0,1,1,1,1,0,3,0
1,9,28,0,7,30,1,4,0,1,6,0,0,0,0,4.2,0,0,0,0,47.45,0,0,0,0,0,0,0,0,0,0,0,0,0,1,0
2,55,57,1,25,34,2,12,0,0,3,0,0,1,0,14.6,0,0,29.5,0,785.4,0,0,1600,0,0,0,0,0,0,0,0,0,0,1,0
1,34,30,0,3,35,2,2,0,1,3,1,0,1,0,9.05,21.5,0,8,0,333,695.95,0,275,0,0,1,0,0,1,1,1,1,1,3,0
1,10,23,0,4,36,2,1,0,0,3,1,0,1,0,8.55,14.75,0,22,0,86.05,142.05,0,200,0,0,0,0,0,1,1,1,1,0,3,0
2,62,76,0,20,35,3,18,1,1,1,0,0,1,0,17.25,0,0,17.75,0,1045.7,0,0,1085,0,1,0,0,0,1,0,0,0,1,2,0
2,51,36,0,13,62,3,9,0,0,2,1,0,1,1,5.65,36.25,0,19.75,40.4,305.75,1872.75,0,995,2005.45,1,1,1,1,1,1,1,1,0,4,0
1,65,48,0,28,94,1,25,0,0,1,0,0,1,0,10.4,0,0,22.5,0,664.65,0,0,1470,0,1,0,0,0,0,0,0,0,0,2,0
3,53,33,0,1,60,1,6,0,0,2,1,0,1,1,17.65,28.5,0,41,28.55,950.7,1502.2,0,2170,1524.6,0,1,1,0,1,1,1,1,0,4,0
1,23,35,0,4,118,2,11,0,0,1,0,1,0,0,7.9,0,30.15,0,0,196.95,0,672.4,0,0,0,1,0,1,0,0,0,0,1,1,1
3,1,30,0,3,135,4,3,0,0,3,1,1,1,0,1.1,5.75,22.8,2.75,0,1.1,5.75,22.8,2.75,0,0,0,0,1,1,0,0,0,1,1,1
3,66,55,0,20,80,2,24,0,1,1,1,0,1,0,14,30.75,0,14.75,0,938.35,2128.2,0,965,0,1,0,0,0,1,1,1,1,0,3,0
3,8,27,1,0,21,3,3,0,1,2,0,1,0,0,3.65,0,36.45,0,0,38.05,0,235.75,0,0,1,0,0,1,0,0,0,0,1,2,0
3,18,28,1,3,22,1,2,0,1,5,0,0,1,0,3.15,173,0,9.5,0,55.55,0,0,175,0,0,0,0,0,0,0,0,0,0,1,0
3,36,32,1,3,63,4,7,0,0,4,0,1,1,0,6.2,0,29.55,12.75,0,229.5,0,991.35,415,0,1,0,0,1,0,0,0,1,0,2,0
1,13,40,0,16,142,2,18,0,1,1,0,0,0,0,8.45,0,0,0,0,109.85,0,0,0,0,0,0,0,0,0,0,0,0,0,1,1
3,4,44,0,15,32,3,0,0,1,1,1,1,1,0,2.1,13.75,25.95,8.75,0,6.9,44.95,82.25,25,0,0,1,0,1,1,0,1,1,0,3,1
3,20,32,0,10,19,3,5,0,0,1,0,1,0,0,6.85,0,36.05,0,0,106.5,0,701.5,0,0,1,0,0,1,0,0,0,0,1,2,0
1,66,39,1,12,60,4,10,0,0,3,1,1,1,1,20.15,39.25,46.3,17.25,36.4,1443.75,2490.65,2895.25,1055,2322.2,1,1,1,1,1,1,1,1,1,4,0
3,67,47,1,7,97,1,23,0,0,4,0,0,1,0,22.4,0,0,18.5,0,1464.9,0,0,1225,0,0,0,0,0,1,1,1,1,0,3,0
1,11,24,1,0,31,2,3,0,1,4,1,1,1,1,5.4,16,39.2,13.75,33.55,83.15,189.45,422.8,140,331.65,0,1,1,1,1,1,1,0,1,4,1
1,6,26,0,7,30,3,1,0,1,2,0,1,0,0,6.35,0,19.75,0,0,30.8,0,109.25,0,0,0,0,0,1,0,0,0,0,0,1,1
2,13,23,1,4,31,1,5,0,1,4,0,1,0,1,4.6,0,35.45,0,27.7,54.85,0,398.95,0,339.75,0,1,1,1,0,0,0,0,1,1,0
2,2,29,1,3,44,2,9,0,1,6,1,1,1,1,2.1,16.25,43.2,12.25,33.6,5.1,31.3,47.05,5,24.2,1,1,1,1,1,1,1,1,1,4,1
1,4,40,0,12,38,2,5,0,0,1,0,0,1,0,8.15,0,0,12,0,32.25,0,0,25,0,0,0,0,0,0,0,0,0,0,1,0
1,34,63,1,10,23,2,0,0,1,2,1,1,1,1,14.3,19.5,39.6,15.25,28.95,459.05,616.5,1396.3,495,984.1,1,1,1,1,1,1,1,1,1,4,0
1,13,34,1,6,37,3,6,0,0,4,0,0,0,0,6.85,0,0,0,0,102.5,0,0,0,0,0,0,0,0,0,1,0,1,0,3,0
2,37,40,1,14,26,2,0,0,0,5,0,0,1,0,18.9,0,0,12,0,653.15,0,0,470,0,1,0,0,0,0,0,0,0,1,2,0
1,45,30,1,8,38,2,5,0,0,6,0,0,1,0,12.75,0,0,23.75,0,622.15,0,0,1015,0,1,0,0,0,0,1,1,1,0,3,0
2,71,70,0,30,153,3,34,1,1,1,1,0,1,1,30.55,46.25,0,26.25,46.7,2291.1,3114.95,0,1805,3292.65,1,0,0,0,1,1,1,1,0,3,0
1,35,40,0,5,49,1,20,0,1,1,0,0,0,0,3.4,0,0,0,0,107.85,0,0,0,0,0,0,0,0,0,0,0,0,0,1,0
3,44,41,0,21,51,3,7,0,0,1,0,1,1,0,4.95,0,31.55,10.75,0,203.65,0,1301.85,460,0,0,0,0,1,0,0,0,0,1,1,0
3,44,45,1,19,88,1,21,0,0,2,1,0,1,0,11.9,25.25,0,8.25,0,524.25,1108.4,0,305,0,1,0,0,0,1,1,1,1,0,3,0
1,26,41,1,20,19,1,0,0,1,6,0,0,0,0,5.45,0,0,0,0,165.4,0,0,0,0,0,0,0,0,0,0,0,0,0,1,0
2,42,46,1,9,31,1,12,0,1,3,0,0,1,0,5.9,0,0,23,0,277.65,0,0,945,0,0,0,0,0,0,0,0,1,0,1,0
2,41,47,1,6,90,2,19,0,0,3,0,1,1,0,6.7,0,20.2,31.25,0,251.35,0,825.15,1240,0,0,0,0,1,0,0,0,0,0,1,1
1,31,24,1,3,14,1,0,0,0,4,0,0,0,0,7.2,0,0,0,0,231.75,0,0,0,0,0,0,0,0,0,0,0,0,0,1,0
3,62,63,0,43,341,2,30,0,0,1,0,0,1,0,14.6,0,0,14.25,0,912.4,0,0,845,0,0,1,0,1,1,1,0,1,0,3,1
1,12,23,1,2,24,4,0,0,1,8,1,0,1,1,3.2,41,0,15.75,35.4,35.5,502,0,210,373,0,1,1,1,1,1,1,1,0,4,0
2,45,49,1,27,81,2,7,0,1,4,1,0,1,0,13.85,50.5,0,21,0,583.1,2284.25,0,935,0,0,0,0,0,1,1,1,1,0,3,0
1,47,34,1,4,63,2,13,0,1,4,0,0,1,0,18.95,0,0,30.5,0,880.75,0,0,1395,0,0,0,0,0,0,0,0,0,0,1,0
2,23,22,1,1,27,1,4,0,0,5,1,0,1,0,7.9,23,0,15.75,0,210.85,515.8,0,345,0,1,0,0,0,1,1,1,0,0,3,0
3,39,34,0,4,20,5,3,0,1,1,1,1,1,1,9.55,21.25,59.2,10,79.2,375.4,872.5,2361.9,385,2973,1,1,1,1,1,1,1,1,1,4,0
2,19,26,0,2,48,3,0,0,0,2,0,0,1,0,7.55,0,0,6.5,0,156.15,0,0,105,0,0,1,0,0,1,1,1,0,0,3,0
1,13,54,0,12,121,4,23,0,0,1,0,0,0,0,7.3,0,0,0,0,102.4,0,0,0,0,0,0,0,0,1,0,1,1,0,3,0
2,5,33,0,6,39,3,4,0,0,3,1,1,0,0,2.1,19.5,27.45,0,0,5.2,81.15,103.45,0,0,1,0,1,0,1,1,1,1,1,4,1
2,11,19,0,0,21,2,0,0,0,1,0,0,0,0,3.6,0,0,0,0,35.4,0,0,0,0,0,0,0,0,0,0,0,0,1,1,1
3,4,32,0,2,53,4,5,0,0,1,1,1,0,0,7,11,26.25,0,0,29.2,56.45,90.75,0,0,0,0,1,0,0,0,0,0,1,1,1
3,17,42,0,8,58,1,23,0,0,1,0,1,0,0,5.05,0,28.65,0,0,85.05,0,523.05,0,0,1,1,0,1,0,1,0,0,0,2,1
2,7,27,0,3,39,3,2,0,0,1,0,0,0,0,3.55,0,0,0,0,19.7,0,0,0,0,0,0,0,0,0,0,1,0,0,1,1
1,19,65,0,3,108,1,33,0,0,3,1,0,1,0,5.95,21.5,0,11.25,0,117.55,423.6,0,190,0,0,0,0,0,1,1,1,1,0,3,0
2,32,34,1,0,38,1,10,0,0,4,0,0,1,0,7.35,0,0,19.25,0,217.45,0,0,600,0,1,0,0,0,0,0,0,0,1,2,0
2,53,51,0,31,245,4,0,0,0,1,1,0,1,0,18.45,28.25,0,11,0,961.75,1535.25,0,570,0,1,0,0,0,0,0,0,1,0,2,0
1,51,38,0,19,51,1,18,0,1,1,1,0,1,0,11.7,26,0,23.25,0,577.1,1267.2,0,1195,0,0,1,0,0,1,1,1,1,0,3,0
1,35,34,0,7,78,4,10,0,1,1,0,0,1,0,13.9,0,0,4.5,0,556.2,0,0,135,0,0,0,0,0,0,0,0,0,0,1,0
1,3,31,1,4,23,4,4,0,0,5,1,1,1,1,2.8,16.5,36,37.75,21.7,8.2,74.45,44.4,70,47.9,0,1,1,0,1,1,1,1,1,4,1
1,22,48,0,7,88,4,12,0,0,1,0,1,0,0,4.5,0,31.85,0,0,92.65,0,646.05,0,0,0,0,0,1,0,0,0,0,0,1,1
3,17,21,1,0,25,2,1,0,1,3,0,0,0,0,6.1,0,0,0,0,89.6,0,0,0,0,1,0,0,0,1,0,1,1,1,3,0
2,68,39,0,20,73,2,16,0,1,1,1,0,1,0,44.95,15.75,0,20,0,3002.2,1089.05,0,1295,0,1,0,0,0,0,0,0,0,0,2,0
2,27,41,1,7,62,4,15,0,1,2,1,0,1,0,13.7,16.25,0,6.75,0,371.35,450,0,165,0,0,0,0,0,1,0,0,1,0,3,0
3,68,52,1,8,456,3,30,0,1,4,1,0,1,1,22.25,27.5,0,26.75,29.75,1549.95,1782.1,0,1885,2096.55,1,0,0,0,1,1,1,1,0,3,0
3,56,42,1,10,24,2,5,0,0,2,0,0,0,0,33.65,0,0,0,0,1871.2,0,0,0,0,0,0,0,0,1,1,1,1,0,3,0
3,11,32,0,8,23,2,0,0,1,1,0,1,1,0,6.2,0,28.4,7.25,0,82.6,0,242.9,95,0,0,0,0,1,0,0,0,0,1,1,0
3,5,47,0,7,46,1,6,0,1,1,0,0,1,0,2.95,0,0,7.25,0,21.55,0,0,35,0,0,0,0,0,1,0,1,0,0,1,1
3,16,50,0,5,263,2,29,0,1,3,1,1,0,1,3.75,17,31.95,0,21.9,59.75,253.35,463.25,0,309.05,0,0,0,0,1,1,1,1,1,3,0
2,59,30,0,2,34,4,2,0,1,1,0,1,1,0,16.7,0,32.25,11.75,0,1020.35,0,1939.15,680,0,1,1,0,0,0,0,0,0,0,2,0
1,60,64,0,14,33,2,13,1,0,1,1,0,1,1,30.75,22.25,0,12.25,47.4,1829.4,1391,0,670,2962.1,1,1,1,0,1,1,1,1,1,4,0
3,55,47,0,11,37,1,11,0,0,1,1,0,1,0,14.75,20.25,0,10.75,0,786.2,1170.75,0,570,0,0,0,0,0,1,0,0,1,0,3,0
1,18,56,0,22,296,2,25,0,0,1,0,0,1,0,3.4,0,0,8.25,0,49.7,0,0,160,0,0,0,0,0,1,0,0,0,0,1,0
2,16,22,0,0,26,3,0,0,1,3,0,1,0,0,4.1,0,29.35,0,0,64.95,0,514.15,0,0,1,0,0,0,0,0,0,0,1,2,1
1,35,57,1,32,47,4,12,0,0,2,0,1,1,0,7.25,0,33.7,18.75,0,263.55,0,1153.35,630,0,1,0,0,1,0,0,0,0,0,2,0
3,31,23,1,1,31,3,1,0,1,2,1,1,1,1,16.6,19,58.7,16.5,51.35,520.4,537.4,1712.5,450,1533.9,0,1,1,1,1,1,1,1,1,4,1
2,20,49,1,5,264,2,29,0,1,2,0,0,0,0,9.6,0,0,0,0,159.2,0,0,0,0,0,0,0,0,0,1,0,0,0,1,0
2,16,27,0,5,41,4,2,0,1,1,1,1,1,1,6.9,15.75,42.75,17.25,30.95,100.9,278.5,615.4,255,450.45,0,1,1,1,1,1,1,1,1,4,1
2,69,48,1,27,55,2,4,0,0,2,1,1,1,0,19.6,35.75,34.25,62,0,1411.7,2396.7,2440.55,4125,0,1,0,0,0,0,1,1,0,0,3,0
3,69,66,1,31,49,2,15,0,0,2,1,0,1,0,23.1,29.25,0,25.5,0,1566.8,2063.45,0,1750,0,0,0,0,0,0,0,0,0,0,1,0
2,27,24,1,3,26,1,7,0,1,4,0,0,0,0,6.05,0,0,0,0,137.7,0,0,0,0,0,0,1,0,0,0,0,0,0,1,1
3,48,39,0,20,110,4,9,0,0,1,1,0,1,1,18.05,30.25,0,8.75,30.4,812.65,1472.7,0,475,1503.95,1,0,1,0,1,1,1,1,0,3,0
1,18,52,1,20,66,1,19,0,1,2,1,0,1,0,12.8,27.75,0,10.5,0,204.95,520.6,0,170,0,0,0,0,1,0,0,1,0,0,1,0
2,24,40,1,4,39,3,5,0,1,2,1,0,1,1,4.05,25.75,0,27.5,22.5,117.05,628.05,0,570,529.1,0,0,1,0,1,1,1,1,0,3,0
2,17,42,0,6,31,2,2,0,0,1,1,0,0,1,8.25,24.5,0,0,26.4,140.85,404.8,0,0,447.95,1,1,0,0,1,1,0,1,1,4,1
2,9,24,1,3,26,4,1,0,1,3,0,1,0,0,7.65,0,23.25,0,0,75.25,0,169.75,0,0,0,0,0,0,0,0,1,0,0,1,0
2,15,46,0,5,232,4,15,0,1,2,1,1,1,1,4.3,23,45.15,22.75,31.3,41.35,357.5,582,305,474.5,0,1,1,1,1,1,1,1,1,4,1
1,62,37,1,10,43,4,1,0,1,3,0,1,1,0,9.2,0,37.2,18.75,0,539.65,0,2302.4,1160,0,1,0,0,0,1,0,0,0,0,2,0
1,9,41,0,12,39,4,3,0,0,1,0,1,0,1,4.7,0,39.65,0,20.8,26.3,0,318.25,0,135.95,0,1,1,1,0,0,0,0,1,1,1
2,71,41,1,10,73,2,23,0,1,2,0,0,1,0,32.65,0,0,41.75,0,2412.6,0,0,3085,0,1,0,0,0,1,1,1,0,0,3,0
2,62,59,1,37,74,1,20,0,0,2,1,0,1,0,16.1,36,0,11,0,972,2245.35,0,645,0,0,0,0,0,1,1,1,1,0,3,0
2,20,38,0,19,237,4,13,0,0,1,1,1,1,1,6,21.25,34.4,9.75,26.9,164.2,473.4,711.4,215,491.1,0,0,1,1,1,1,1,0,0,4,0
1,19,33,1,11,22,1,3,0,0,5,0,0,1,0,3.95,0,0,36.25,0,79.6,0,0,685,0,1,0,0,0,1,1,0,1,0,3,0
2,49,61,1,28,21,1,8,0,0,2,1,0,1,0,15.85,24.75,0,8.75,0,757.4,1228.85,0,395,0,0,0,0,0,1,1,1,1,0,3,0
3,3,64,0,3,9,2,6,1,0,1,0,0,0,0,4.95,0,0,0,0,14.8,0,0,0,0,0,0,0,0,0,0,0,0,0,1,1
1,33,36,0,2,41,5,10,0,0,1,0,1,0,1,4.15,0,39.1,0,27.05,93.25,0,1225.35,0,841.95,0,1,0,1,0,0,0,0,1,1,1
2,38,44,0,1,50,4,7,0,1,1,0,1,1,0,7.15,0,24.6,10,0,277.5,0,891.8,355,0,1,0,0,1,0,0,0,0,1,2,1
3,42,48,1,14,27,3,5,0,1,3,1,1,1,1,16.5,36,54.2,22.75,28.4,692.2,1540.15,2100.25,910,1199.95,1,1,0,0,1,1,1,1,1,4,0
1,11,26,0,2,53,3,3,0,0,1,1,1,1,1,4.15,21.5,43.7,11.75,38.8,34.7,188.35,431.3,110,415.8,1,1,1,1,0,1,1,0,1,4,1
3,27,28,1,0,58,3,0,0,0,2,1,0,0,0,5.8,22.5,0,0,0,163.65,566.15,0,0,0,0,0,0,0,1,1,0,1,0,3,0
3,23,50,0,1,151,4,8,0,1,1,1,0,0,0,8.25,21.75,0,0,0,186.5,438.4,0,0,0,0,0,0,0,1,0,0,0,0,1,0
2,4,38,1,13,54,2,4,0,0,2,1,0,1,1,4.75,26.25,0,48.5,24.45,21.75,115,0,140,50.45,0,1,0,0,1,1,1,1,0,3,0
3,36,42,0,5,31,1,4,0,1,1,0,0,0,0,10.05,0,0,0,0,373.75,0,0,0,0,0,0,0,0,0,0,0,0,0,1,1
2,37,42,0,10,115,1,22,0,1,1,0,0,1,0,15.1,0,0,18.5,0,494.45,0,0,665,0,0,0,0,0,1,1,1,1,0,3,0
3,24,58,1,30,24,1,5,0,0,2,1,0,0,0,7.65,16,0,0,0,177.4,420.65,0,0,0,0,0,0,0,0,0,0,0,0,1,0
3,4,24,0,1,17,2,2,0,0,3,0,0,0,0,3.2,0,0,0,0,9.9,0,0,0,0,0,0,0,0,0,0,0,0,0,1,1
3,54,33,0,5,47,2,13,0,1,2,1,0,1,0,13.9,32,0,20.25,0,732.2,1671.9,0,1125,0,0,0,0,0,1,1,0,1,0,3,0
3,7,49,0,8,36,1,0,0,1,1,1,0,1,0,8.85,19.5,0,53.25,0,77,123.3,0,325,0,0,0,0,0,1,1,1,1,0,3,1
1,10,28,0,9,75,4,1,0,0,1,1,1,1,1,6.2,27.5,42.4,40,36.3,45.95,225.85,373.15,340,290.65,0,1,1,1,1,1,1,1,1,4,1
3,24,35,1,10,41,5,6,0,1,2,0,1,0,0,3.3,0,30.3,0,0,88.65,0,711.2,0,0,1,0,0,1,0,0,0,0,1,2,0
3,12,31,0,8,18,4,4,0,0,1,0,1,0,0,3.7,0,24.3,0,0,48.55,0,243.4,0,0,0,0,0,1,0,0,0,0,1,1,1
2,45,54,0,25,171,3,33,0,1,1,1,0,1,0,9.05,18.5,0,8.75,0,385.2,845.65,0,365,0,0,0,0,0,1,1,1,1,0,3,0
3,59,55,1,29,42,3,21,0,1,2,0,0,1,0,8.95,0,0,15.25,0,492.35,0,0,855,0,1,0,0,0,0,0,0,0,0,2,0
1,3,21,1,1,36,3,0,0,1,4,0,0,0,0,3.2,0,0,0,0,13.55,0,0,0,0,0,0,0,0,0,0,0,0,0,1,0
3,8,35,0,6,31,5,7,0,0,1,1,1,0,1,4.4,17.25,35.65,0,42.05,34.65,155.15,237.8,0,288.25,1,1,1,1,1,1,1,1,1,4,1
1,16,59,0,5,207,2,37,0,1,2,1,0,1,0,7.45,15.5,0,11.75,0,112.8,280.85,0,150,0,0,0,1,0,0,1,1,1,1,4,0
3,32,33,0,1,38,1,12,0,1,1,0,0,1,0,7.3,0,0,33.75,0,231.45,0,0,1050,0,0,0,0,0,0,0,0,0,0,1,0
1,8,49,0,14,134,4,9,0,1,1,1,1,1,1,3,30.5,59.3,23.5,60.3,36.2,226.3,459.15,155,444.65,1,1,1,1,1,1,1,1,1,4,1
1,9,28,1,8,28,3,4,0,0,3,0,1,0,0,4.5,0,28.5,0,0,36.45,0,230.3,0,0,1,0,0,1,0,0,0,1,1,2,1
2,12,19,1,0,15,2,0,0,1,4,0,1,0,0,5.85,0,22.15,0,0,102.45,0,274.7,0,0,1,0,0,0,0,0,0,0,0,2,0
2,24,43,1,15,48,4,4,0,0,6,1,1,1,1,14.4,25.75,37.2,57.75,36.95,339.55,591.2,870.05,1415,901.6,1,1,1,1,1,1,1,1,1,4,0
3,72,75,0,48,14,2,6,1,1,1,0,0,1,0,37.3,0,0,109.25,0,2686.25,0,0,7515,0,1,0,0,0,0,0,0,0,0,2,0
3,58,61,0,42,101,4,18,0,1,1,0,0,1,0,16.35,0,0,17,0,956.85,0,0,925,0,1,0,0,1,0,0,0,0,0,2,0
1,70,44,1,24,87,2,18,0,0,3,1,0,1,0,18.9,47.5,0,25,0,1399.3,3310.4,0,1735,0,1,1,0,0,1,1,1,1,0,3,0
3,9,25,0,3,27,1,4,0,1,1,0,0,0,0,12.2,0,0,0,0,121.75,0,0,0,0,0,0,0,0,0,0,0,0,0,1,1
1,49,25,0,1,27,5,0,0,1,1,0,1,1,1,9.9,0,43.15,5.5,26.9,496.95,0,2054.95,270,1252.85,1,1,1,1,0,0,0,0,1,2,0
3,52,54,0,7,59,3,22,0,0,1,1,0,1,1,15.25,32.5,0,21.75,39.3,800.25,1644.05,0,1055,1991.75,1,0,0,0,1,1,0,1,0,3,0
1,10,42,1,10,294,4,9,0,1,6,1,1,1,1,4.85,27.5,44.35,23.5,36.85,32.75,285.35,427.75,185,330.55,1,1,1,1,1,1,1,1,1,4,1
1,14,52,1,2,44,3,5,0,0,2,0,0,1,1,4.85,0,0,14.25,14.9,68.95,0,0,185,212.25,0,1,0,0,1,1,0,0,0,3,0
1,19,27,1,3,35,2,4,0,0,6,1,0,1,0,5.4,20.5,0,23,0,116.2,398.15,0,415,0,0,1,1,0,1,1,1,1,0,4,0
3,12,36,1,4,205,4,10,0,1,4,0,1,0,1,5.95,0,38.3,0,32,53.75,0,433.05,0,397.3,1,1,1,1,0,0,0,0,1,2,1
1,65,59,0,27,732,3,31,0,1,1,0,0,1,0,10.15,0,0,13.25,0,600.5,0,0,820,0,1,1,0,0,0,0,1,1,1,2,0
1,67,40,1,14,59,3,11,0,0,2,1,0,1,0,27,30,0,19.75,0,1722.5,1959.95,0,1245,0,0,0,0,0,1,1,1,1,0,3,0
2,29,24,1,3,23,1,7,0,0,2,1,0,1,0,10.2,32.25,0,17.5,0,319.65,885.15,0,500,0,0,0,0,0,1,1,1,1,0,3,0
3,55,46,0,8,87,2,19,0,1,1,0,1,1,0,17.9,0,28,15.25,0,982.9,0,1449.6,785,0,0,0,0,1,0,0,1,1,1,1,0
3,71,67,1,25,110,1,23,0,1,2,1,0,1,0,33.85,21.75,0,18.25,0,2255.65,1487.7,0,1175,0,0,0,0,0,0,1,1,1,0,3,0
3,5,44,1,2,83,3,14,0,1,3,1,0,1,1,4,26.25,0,20.25,21.95,32,131.95,0,50,80.35,0,1,0,1,1,1,1,1,0,3,1
3,60,58,0,0,63,4,21,0,1,3,1,1,1,0,16.35,28,23.85,13.25,0,1012.55,1581.7,1395.1,805,0,1,0,0,0,0,0,0,0,1,2,0
2,10,40,0,6,22,3,6,0,1,1,0,0,0,0,5.05,0,0,0,0,59.95,0,0,0,0,0,0,0,1,0,0,0,0,0,1,1
3,52,64,0,44,43,3,7,0,0,1,1,1,1,1,12.85,28.5,48.75,24,37.15,647.95,1542.25,2570.65,1210,1846.5,1,1,1,1,1,1,1,1,0,4,0
2,61,43,1,22,35,2,11,0,0,3,1,0,1,0,21.05,15.5,0,17.25,0,1264,933.8,0,1065,0,1,0,0,1,0,0,0,0,1,2,0
1,61,29,1,5,48,2,11,0,0,4,0,0,1,0,17.55,0,0,37,0,1035.95,0,0,2165,0,1,0,0,0,0,0,0,1,0,2,0
2,67,47,1,19,69,3,12,0,0,3,1,0,1,0,49.35,27,0,10.25,0,3235.55,1838.2,0,690,0,1,0,0,0,1,1,1,1,0,3,0
3,41,42,1,12,26,4,5,0,0,4,0,0,0,0,10.95,0,0,0,0,482.4,0,0,0,0,1,0,0,1,0,0,1,0,0,2,0
1,30,28,0,1,20,1,8,0,1,1,0,0,0,0,12.4,0,0,0,0,369.45,0,0,0,0,0,0,0,0,0,0,0,0,0,1,1
1,24,46,0,12,43,2,6,0,0,1,1,0,1,1,12.05,48.25,0,33,28.15,307.75,1079.05,0,820,662.2,0,1,1,0,1,1,1,1,1,4,0
1,72,75,0,37,33,1,44,1,1,1,1,0,1,0,49.3,31.75,0,26,0,3417.4,2254.15,0,1835,0,1,0,0,0,0,0,0,1,0,2,0
2,17,35,0,7,66,2,11,0,0,1,0,1,1,1,5.15,0,29.15,11.25,28.05,79.05,0,501.05,155,484.2,1,1,1,1,1,0,1,1,1,4,1
2,65,72,0,46,12,2,0,1,0,1,0,0,1,0,29.6,0,0,18,0,1872.8,0,0,1160,0,1,0,0,0,0,1,1,1,0,3,0
1,15,30,1,8,90,2,11,0,0,5,1,0,1,1,7.35,18.5,0,9.75,23,125.8,265.55,0,150,375.9,0,0,1,1,1,1,1,1,1,4,0
1,34,33,0,8,35,3,2,0,1,1,0,0,0,0,7.5,0,0,0,0,258.4,0,0,0,0,1,0,0,0,0,0,0,0,0,2,1